"Sample","mineral","grainsize","etch_depth","a_value","a_value_err","Rnloss","latitude","longitude","altitude_m","depth_m","grain_min","grain_max","water_percent","water_err","U_ppm","U_err","Th_ppm","Th_err","K_percent","K_err","cosmicray","cosmicray.err","internal","internal.err","external.alpha","external.alpha.err","external.beta","external.beta.err","external.gamma","external.gamma.err","external.total","external.total.err","doserate_Gyperka","doserate.err"
"4371","F","fine",0,0.09,0.02,0,50.5,7.1,147,1.8,4,11,22.1,5,2.841,0.04,12.13,0.09,1.9,0.02,0.168227717303532,0.0168227717303532,0.03884125,0.0106992565558313,0.880670417078765,0.155467670362276,1.76536350754163,0.0886314399013211,1.09885202166238,0.0509972733636669,3.74488594628277,0.186081838332985,3.9519549135863,0.187146814819067
"4374","F","fine",0,0.09,0.02,0,50.5,7.1,147,3,4,11,18.6,5,3.073,0.032,12.6,0.07,1.95,0.02,0.143572679930131,0.0143572679930131,0.03884125,0.0106992565558313,0.970448120303362,0.171850350466223,1.89776917200811,0.0983632662427307,1.18538282564932,0.0566158883965559,4.05360011796079,0.205944735111712,4.23601404789092,0.206721646557161
"4451","F","fine",0,0.09,0.02,0,50.5,7.1,147,5,4,11,18.6,5,2.97,0.033,11.88,0.07,1.93,0.02,0.112032351819187,0.0112032351819187,0.03884125,0.0106992565558313,0.925774537007428,0.163907938342577,1.85703893387424,0.0962805522411852,1.14318669350847,0.0546523991568895,3.92600016439013,0.197794443109976,4.07687376620932,0.198400172113268
"4452","F","fine",0,0.09,0.02,0,50.5,7.1,147,5.4,4,11,20,5,2.854,0.034,11.36,0.08,1.89,0.02,0.10687150414422,0.010687150414422,0.03884125,0.0106992565558313,0.872997508183846,0.154306732294858,1.7809230272,0.0911550330034507,1.08926319218241,0.051483619185024,3.74318372756626,0.186468149338609,3.88889648171048,0.18708035704636
"4380","F","fine",0,0.09,0.02,0,50.5,7.1,147,8.7,4,11,36.3,5,2.989,0.022,12.06,0.05,1.87,0.01,0.0745749562418158,0.00745749562418158,0.03884125,0.0106992565558313,0.775052142128683,0.134801846678505,1.54666562510748,0.0678904637692453,0.977056626727589,0.0400519435000163,3.29877439396375,0.156156367519442,3.41219060020557,0.156700030149005
"4453","F","fine",0,0.09,0.02,0,50.5,7.1,147,9.2,4,11,22.1,5,3.184,0.037,11.66,0.09,1.75,0.02,0.0709169359069078,0.00709169359069078,0.03884125,0.0106992565558313,0.911173617593128,0.16068877005866,1.70017965994123,0.0853734675000394,1.08149527932649,0.050121502761285,3.69284855686085,0.188737052045948,3.80260674276776,0.189173045183046
"4367","F","fine",0,0.09,0.02,0,50.5,7.1,147,11,4,11,21.3,5,2.571,0.029,9.65,0.07,1.62,0.02,0.0596580034170201,0.00596580034170201,0.03884125,0.0106992565558313,0.75172935753723,0.132656346994414,1.51921326396841,0.0770503656941846,0.930367068441126,0.0435062254662826,3.20130968994677,0.159459264095358,3.29980894336379,0.159929114830282
"4454","F","fine",0,0.09,0.02,0,50.5,7.1,147,12.1,4,11,25.1,5,2.707,0.038,10.5,0.09,1.64,0.02,0.0539913671433114,0.00539913671433114,0.03884125,0.0106992565558313,0.771591942439702,0.135623918498011,1.50877516156042,0.0739130227143528,0.946525728147791,0.042864637563917,3.22689283214791,0.160294601746327,3.31972544929122,0.1607419799465
"4377","F","fine",0,0.09,0.02,0,50.5,7.1,147,15.2,4,11,21,5,2.6,0.034,10.01,0.08,1.65,0.02,0.0416129063866928,0.00416129063866928,0.03884125,0.0106992565558313,0.772777479246673,0.136436467241891,1.5536984,0.0790170831721022,0.955568016782314,0.0448359126808669,3.28204389602899,0.163917259897794,3.36249805241568,0.164318771061093
"4372","F","fine",0,0.09,0.02,0,50.5,7.1,147,19.2,4,11,30.9,5,2.798,0.028,10.47,0.07,1.54,0.02,0.0308898369669202,0.00308898369669202,0.03884125,0.0106992565558313,0.736463013654681,0.128679235171702,1.38110161947701,0.0643390881321143,0.888228151391005,0.0382031029956134,3.00579278452269,0.148853420869457,3.07552387148961,0.149269410180605
"4455","F","fine",0,0.09,0.02,0,50.5,7.1,147,23,4,11,35,5,6.767,0.035,12.92,0.07,1.69,0.01,0.0240208061442514,0.00240208061442514,0.03884125,0.0106992565558313,1.28490325160459,0.23527767759505,1.857977352,0.0820971646330715,1.28675096497498,0.0529486035295594,4.42963156857957,0.254752987482071,4.49249362472382,0.254988879587259
"4370","F","fine",0,0.09,0.02,0,50.5,7.1,147,27,4,11,24,5,2.51,0.035,9.43,0.09,1.75,0.02,0.0189272171766118,0.00189272171766118,0.03884125,0.0106992565558313,0.712382507573989,0.125381980463479,1.54833301153846,0.0765286009841209,0.919716551507538,0.0421494171074844,3.18043207061999,0.152819636028986,3.2382005377966,0.153205409964465
"4456","F","fine",0,0.09,0.02,0,50.5,7.1,147,29.9,4,11,34,5,2.384,0.034,9.94,0.08,1.53,0.02,0.0161482446323497,0.00161482446323497,0.03884125,0.0106992565558313,0.643394656101159,0.112240971258055,1.28615474877193,0.0585491906443296,0.812077832228308,0.0342223306471664,2.7416272371014,0.131138138117718,2.79661673173375,0.131583787063134
"4457","F","fine",0,0.09,0.02,0,50.5,7.1,147,31.3,4,11,34.4,5,2.632,0.038,10.87,0.09,1.62,0.02,0.0150114953839359,0.00150114953839359,0.03884125,0.0106992565558313,0.703932544642233,0.122747911285967,1.37439352937063,0.0622269113261259,0.877615072980117,0.0368352393226763,2.95594114699298,0.142464287013328,3.00979389237692,0.142873372659149
"4375","F","fine",0,0.09,0.02,0,50.5,7.1,147,33,4,11,29.8,5,2.482,0.026,10.06,0.06,1.56,0.01,0.0137783150343498,0.00137783150343498,0.03884125,0.0106992565558313,0.688597737849516,0.120454047614177,1.36542983242259,0.0634606344404815,0.859180724330457,0.0371853513451365,2.91320829460256,0.14113532536147,2.96582785963691,0.14154699776183
"4369","F","fine",0,0.09,0.02,0,50.5,7.1,147,38.3,4,11,26.9,5,2.706,0.039,9.79,0.08,1.56,0.02,0.0107404942658048,0.00107404942658048,0.03884125,0.0106992565558313,0.730212171730762,0.128179644893183,1.42111124115996,0.0685895998618769,0.890145715029158,0.0397182202334226,3.04146912791988,0.150705313750596,3.09105087218569,0.151088448485263
"4459","F","fine",0,0.09,0.02,0,50.5,7.1,147,40,4,11,25.1,5,2.762,0.025,10.56,0.06,1.6,0.01,0.00996709620886012,0.000996709620886012,0.03884125,0.0106992565558313,0.781455388570287,0.137274104436335,1.49170563882017,0.0722595593119988,0.945781641189917,0.0425328877197171,3.21894266858038,0.16085605428003,3.26775101478924,0.161214570431633
"4460","F","fine",0,0.09,0.02,0,50.5,7.1,147,43.1,4,11,30.6,5,2.539,0.027,10.79,0.07,1.8,0.02,0.00874651702978726,0.000874651702978726,0.03884125,0.0106992565558313,0.71646599155389,0.125341677292834,1.51437597359855,0.0705445965819904,0.928575071913644,0.040106366945189,3.15941703706609,0.149317101642909,3.20700480409587,0.149702491460523
"4373","F","fine",0,0.09,0.02,0,50.5,7.1,147,48.8,4,11,25.1,5,2.789,0.03,9.92,0.07,1.8,0.02,0.00699510807541663,0.000699510807541663,0.03884125,0.0106992565558313,0.760915961977116,0.133792641961253,1.60310731379638,0.0783026687589513,0.963038393954002,0.0435673924196422,3.3270616697275,0.161027627008515,3.37289802780292,0.161384200175267
"4381","F","fine",0,0.09,0.02,0,50.5,7.1,147,52.1,4,11,23.7,5,2.906,0.029,10.32,0.06,1.81,0.01,0.00619957473005666,0.000619957473005666,0.03884125,0.0106992565558313,0.804497997525636,0.141653389386364,1.65220786576663,0.0809942858617843,1.00255144940087,0.0457092528088722,3.45925731269314,0.169455282771741,3.5042981374232,0.169793849409708
"4368","F","fine",0,0.09,0.02,0,50.5,7.1,147,60,4,11,28.3,5,3.003,0.05,11.64,0.12,1.74,0.03,0.00474452046018747,0.000474452046018747,0.03884125,0.0106992565558313,0.826821984642331,0.14493326880986,1.57733406648199,0.0762042965944856,1.00578503273805,0.0446215644547346,3.40994108386238,0.169716915013676,3.45352685432256,0.170054492552684
"4379","F","fine",0,0.09,0.02,0,50.5,7.1,147,62.7,4,11,42.9,5,2.745,0.027,10.61,0.06,1.55,0.01,0.00435641197063585,0.000435641197063585,0.03884125,0.0106992565558313,0.654124774432233,0.113249941639115,1.2489498633035,0.0521053819864832,0.80884719218836,0.0315672496433799,2.71192182992409,0.128596311623887,2.75511949189473,0.12904137025531
"4376","F","fine",0,0.09,0.02,0,50.5,7.1,147,65,4,11,42.6,5,2.841,0.035,12.1,0.09,2.04,0.02,0.00405973132521756,0.000405973132521756,0.03884125,0.0106992565558313,0.714488721865314,0.123901517045977,1.54261232593801,0.0650505050057032,0.948564793624297,0.0373835493954723,3.20566584142762,0.144847105228911,3.24856682275284,0.145242289978598
"4366","F","fine",0,0.09,0.02,0,50.5,7.1,147,69,4,11,42.5,5,8.222,0.045,21.39,0.1,3.39,0.02,0.00360688849027277,0.000360688849027277,0.03884125,0.0106992565558313,1.63532743560618,0.288085331137077,2.91671934106122,0.1215117715459,1.88272185921186,0.0734112017479229,6.43476863587926,0.321165803258467,6.47721677436954,0.321344172764888
"4382","F","fine",0,0.09,0.02,0,50.5,7.1,147,69,4,11,62.5,5,2.572,0.03,10.45,0.07,1.82,0.02,0.00360688849027277,0.000360688849027277,0.03884125,0.0106992565558313,0.533598631547807,0.0915263985840849,1.18184917726316,0.0435260709289882,0.726908379562044,0.0250844927716517,2.44235618837301,0.104407050843797,2.48480432686328,0.104954449420653
"4378","F","fine",0,0.09,0.02,0,50.5,7.1,147,70.1,4,11,24.9,5,3.174,0.024,10.81,0.06,2.09,0.01,0.00349467405502698,0.000349467405502698,0.03884125,0.0106992565558313,0.849631232885602,0.149525458170706,1.84331224327931,0.0892501930957264,1.08804402349166,0.0491009474633682,3.78098749965657,0.180926401198345,3.8233234237116,0.181242817427062
"4365","F","fine",0,0.09,0.02,0,50.5,7.1,147,72.2,4,11,24,5,2.782,0.035,12.83,0.09,2.7,0.02,0.0032934680989379,0.00032934680989379,0.03884125,0.0106992565558313,0.880837461867739,0.155511000081466,2.23262139076923,0.109588407609678,1.25833118718593,0.0575829106177287,4.3717900398229,0.198768915638165,4.41392475792184,0.199056937543359
"LUM-2307","F","fine",0,0.09,0.02,0,50.5,7.1,147,1.5,4,11,20,10,3.471,0.032,11.12,0.07,1.94,0.02,0.175208919112652,0.0175208919112652,0.03884125,0.0106992565558313,0.953502957979615,0.194115770416858,1.8786272116,0.188882871018744,1.14620667752443,0.106846378408087,3.97833684710405,0.291159440629593,4.1923870162167,0.291882297530959
"LUM-2308","F","fine",0,0.09,0.02,0,50.5,7.1,147,4.3,4,11,20,10,4.107,0.045,13.88,0.1,1.83,0.02,0.121908881059722,0.0121908881059722,0.03884125,0.0106992565558313,1.15721844606692,0.235286995031833,1.9410286332,0.195198822198054,1.28984087947883,0.12018071892837,4.38808795874575,0.328490419069959,4.54883808980547,0.328890631159383
"LUM-2317","F","fine",0,0.09,0.02,0,50.5,7.1,147,6.6,4,11,20,10,3.65,0.027,12.73,0.06,1.81,0.01,0.0932141706147063,0.00932141706147063,0.03884125,0.0106992565558313,1.04428688510337,0.212131606708152,1.8508892616,0.185796143178582,1.19912133550489,0.111635282879514,4.09429748220825,0.303286105465132,4.22635290282296,0.30361789254767
"LUM-2318","F","fine",0,0.09,0.02,0,50.5,7.1,147,9.6,4,11,20,10,3.107,0.028,12.33,0.07,1.83,0.01,0.0681701251702199,0.00681701251702199,0.03884125,0.0106992565558313,0.948899775045289,0.192623699075971,1.7926073332,0.179978438654024,1.13808599348534,0.10600101931824,3.87959310173063,0.284134376523779,3.98660447690085,0.284417456695368
"LUM-2310","F","fine",0,0.09,0.02,0,50.5,7.1,147,12.6,4,11,25,10,3.691,0.04,13.34,0.09,1.72,0.02,0.0516667945407822,0.00516667945407823,0.03884125,0.0106992565558313,1.01614150049073,0.2028000397781,1.72501129180952,0.165377103800617,1.15483564202335,0.102864292102469,3.8959884343236,0.281173443243171,3.98649647886438,0.281424366131736
"LUM-2311","F","fine",0,0.09,0.02,0,50.5,7.1,147,13.8,4,11,25,10,3.306,0.029,12.17,0.07,1.76,0.01,0.0466391856765893,0.00466391856765893,0.03884125,0.0106992565558313,0.918555780294818,0.183260404627152,1.68314863695238,0.161002396055783,1.08531968871595,0.0966177278750938,3.68702410596315,0.262375937882186,3.77250454163974,0.26263541080138
"LUM-2309","F","fine",0,0.09,0.02,0,50.5,7.1,147,17.8,4,11,25,10,3.141,0.037,10.57,0.09,1.56,0.02,0.0341384272315795,0.00341384272315795,0.03884125,0.0106992565558313,0.835037011511182,0.166891616052516,1.51048902742857,0.144913382489596,0.972193618677043,0.08667580165106,3.3177196576168,0.237413972893447,3.39069933484838,0.237679454177335
"LUM-2312","F","fine",0,0.09,0.02,0,50.5,7.1,147,22.4,4,11,30,10,2.584,0.036,10.3,0.09,1.34,0.02,0.0249497955435013,0.00249497955435013,0.03884125,0.0106992565558313,0.709171168172586,0.139393744336578,1.25052534109091,0.114798887986788,0.833869746646796,0.0712490784385348,2.79356625591029,0.194128390045132,2.85735730145379,0.194439015723026
"LUM-2313","F","fine",0,0.09,0.02,0,50.5,7.1,147,27.7,4,11,25,10,1.838,0.033,7.82,0.08,1.21,0.02,0.0181974246336072,0.00181974246336072,0.03884125,0.0106992565558313,0.550683099283091,0.110037556955722,1.09830765257143,0.105749867183875,0.687850894941634,0.0614669703176078,2.33684164679615,0.16452807295479,2.39388032142976,0.164885634133775
"LUM-2314","F","fine",0,0.09,0.02,0,50.5,7.1,147,35.3,4,11,30,10,2.706,0.049,9.29,0.11,1.49,0.02,0.0123273297949371,0.00123273297949371,0.03884125,0.0106992565558313,0.688799100900259,0.13563556288036,1.33059081963636,0.122081842171687,0.835753949329359,0.0715328545880553,2.85514386986598,0.196004926957004,2.90631244966092,0.196300598860184
"LUM-2315","F","fine",0,0.09,0.02,0,50.5,7.1,147,52.4,4,11,25,10,2.983,0.032,10.54,0.07,1.85,0.02,0.0061336406017069,0.00061336406017069,0.03884125,0.0106992565558313,0.812074526743091,0.16212017980443,1.66904620914286,0.159990169891038,1.01369914396887,0.0903774578547905,3.49481987985482,0.245046714015672,3.53979477045653,0.245280945766678
"LUM-2316","F","fine",0,0.09,0.02,0,50.5,7.1,147,53.2,4,11,25,10,3.157,0.032,10.56,0.07,1.92,0.01,0.00596253823799173,0.000596253823799173,0.03884125,0.0106992565558313,0.836867469636,0.167247887464805,1.73110649104762,0.165556367889789,1.04319424124514,0.0929406452806029,3.61116820192876,0.253019229220773,3.65597199016675,0.253246046296766
"4371","Q","fine",0,0.04,0.01,0,50.5,7.1,147,1.8,4,11,22.1,5,2.841,0.04,12.13,0.09,1.9,0.02,0.168227717303532,0.0168227717303532,0,0,0.391409074257229,0.076062706575301,1.76536350754163,0.0886314399013211,1.09885202166238,0.0509972733636669,3.25562460346123,0.127443278995286,3.42385232076477,0.128548803999734
"4374","Q","fine",0,0.04,0.01,0,50.5,7.1,147,3,4,11,18.6,5,3.073,0.032,12.6,0.07,1.95,0.02,0.143572679930131,0.0143572679930131,0,0,0.431310275690383,0.0840119816763854,1.89776917200811,0.0983632662427307,1.18538282564932,0.0566158883965559,3.51446227334782,0.141204475956192,3.65803495327795,0.141932502177218
"4451","Q","fine",0,0.04,0.01,0,50.5,7.1,147,5,4,11,18.6,5,2.97,0.033,11.88,0.07,1.93,0.02,0.112032351819187,0.0112032351819187,0,0,0.411455349781079,0.0801227353064846,1.85703893387424,0.0962805522411852,1.14318669350847,0.0546523991568895,3.41168097716378,0.136661926616247,3.52371332898297,0.137120365609948
"4452","Q","fine",0,0.04,0.01,0,50.5,7.1,147,5.4,4,11,20,5,2.854,0.034,11.36,0.08,1.89,0.02,0.10687150414422,0.010687150414422,0,0,0.387998892526154,0.0754497203109094,1.7809230272,0.0911550330034507,1.08926319218241,0.051483619185024,3.25818511190856,0.129044424061031,3.36505661605278,0.129486209942309
"4380","Q","fine",0,0.04,0.01,0,50.5,7.1,147,8.7,4,11,36.3,5,2.989,0.022,12.06,0.05,1.87,0.01,0.0745749562418158,0.00745749562418158,0,0,0.344467618723859,0.066104029641224,1.54666562510748,0.0678904637692453,0.977056626727589,0.0400519435000163,2.86818987055893,0.102873786669586,2.94276482680074,0.103143735751253
"4453","Q","fine",0,0.04,0.01,0,50.5,7.1,147,9.2,4,11,22.1,5,3.184,0.037,11.66,0.09,1.75,0.02,0.0709169359069078,0.00709169359069078,0,0,0.404966052263612,0.0785877367560881,1.70017965994123,0.0853734675000394,1.08149527932649,0.050121502761285,3.18664099153133,0.126399471361529,3.25755792743824,0.126598256222028
"4367","Q","fine",0,0.04,0.01,0,50.5,7.1,147,11,4,11,21.3,5,2.571,0.029,9.65,0.07,1.62,0.02,0.0596580034170201,0.00596580034170201,0,0,0.334101936683213,0.0648719310614618,1.51921326396841,0.0770503656941846,0.930367068441126,0.0435062254662826,2.78368226909275,0.109717445958123,2.84334027250977,0.109879519116579
"4454","Q","fine",0,0.04,0.01,0,50.5,7.1,147,12.1,4,11,25.1,5,2.707,0.038,10.5,0.09,1.64,0.02,0.0539913671433114,0.00539913671433114,0,0,0.342929752195423,0.0663734727851415,1.50877516156042,0.0739130227143528,0.946525728147791,0.042864637563917,2.79823064190363,0.108194038513304,2.85222200904694,0.108328669552794
"4377","Q","fine",0,0.04,0.01,0,50.5,7.1,147,15.2,4,11,21,5,2.6,0.034,10.01,0.08,1.65,0.02,0.0416129063866928,0.00416129063866928,0,0,0.343456657442966,0.066718107327562,1.5536984,0.0790170831721022,0.955568016782314,0.0448359126808669,2.85272307422528,0.11271763102694,2.89433598061197,0.112794417787871
"4372","Q","fine",0,0.04,0.01,0,50.5,7.1,147,19.2,4,11,30.9,5,2.798,0.028,10.47,0.07,1.54,0.02,0.0308898369669202,0.00308898369669202,0,0,0.327316894957636,0.0630364139823798,1.38110161947701,0.0643390881321143,0.888228151391005,0.0382031029956134,2.59664666582565,0.097839587222777,2.62753650279257,0.0978883376516417
"4455","Q","fine",0,0.04,0.01,0,50.5,7.1,147,23,4,11,35,5,6.767,0.035,12.92,0.07,1.69,0.01,0.0240208061442514,0.00240208061442514,0,0,0.571068111824262,0.115244325154846,1.857977352,0.0820971646330715,1.28675096497498,0.0529486035295594,3.71579642879925,0.151078633621423,3.7398172349435,0.151097728401834
"4370","Q","fine",0,0.04,0.01,0,50.5,7.1,147,27,4,11,24,5,2.51,0.035,9.43,0.09,1.75,0.02,0.0189272171766118,0.00189272171766118,0,0,0.316614447810662,0.0613428699833641,1.54833301153846,0.0765286009841209,0.919716551507538,0.0421494171074844,2.78466401085666,0.106752741552072,2.80359122803327,0.106769519172767
"4456","Q","fine",0,0.04,0.01,0,50.5,7.1,147,29.9,4,11,34,5,2.384,0.034,9.94,0.08,1.53,0.02,0.0161482446323497,0.00161482446323497,0,0,0.285953180489404,0.055020624121561,1.28615474877193,0.0585491906443296,0.812077832228308,0.0342223306471664,2.38418576148964,0.0873295180265879,2.40033400612199,0.087344446742785
"4457","Q","fine",0,0.04,0.01,0,50.5,7.1,147,31.3,4,11,34.4,5,2.632,0.038,10.87,0.09,1.62,0.02,0.0150114953839359,0.00150114953839359,0,0,0.312858908729881,0.0601725291418512,1.37439352937063,0.0622269113261259,0.877615072980117,0.0368352393226763,2.56486751108063,0.094073145012141,2.57987900646456,0.0940851213657714
"4375","Q","fine",0,0.04,0.01,0,50.5,7.1,147,33,4,11,29.8,5,2.482,0.026,10.06,0.06,1.56,0.01,0.0137783150343498,0.00137783150343498,0,0,0.306043439044229,0.0590092285687221,1.36542983242259,0.0634606344404815,0.859180724330457,0.0371853513451365,2.53065399579727,0.0942978872219593,2.54443231083162,0.0943079527620933
"4369","Q","fine",0,0.04,0.01,0,50.5,7.1,147,38.3,4,11,26.9,5,2.706,0.039,9.79,0.08,1.56,0.02,0.0107404942658048,0.00107404942658048,0,0,0.32453874299145,0.0627394121151491,1.42111124115996,0.0685895998618769,0.890145715029158,0.0397182202334226,2.63579569918057,0.101085627367483,2.64653619344638,0.101091333171782
"4459","Q","fine",0,0.04,0.01,0,50.5,7.1,147,40,4,11,25.1,5,2.762,0.025,10.56,0.06,1.6,0.01,0.00996709620886012,0.000996709620886012,0,0,0.347313506031239,0.0671858311461122,1.49170563882017,0.0722595593119988,0.945781641189917,0.0425328877197171,2.78480078604133,0.107444992235731,2.79476788225019,0.107449615106824
"4460","Q","fine",0,0.04,0.01,0,50.5,7.1,147,43.1,4,11,30.6,5,2.539,0.027,10.79,0.07,1.8,0.02,0.00874651702978726,0.000874651702978726,0,0,0.318429329579507,0.0614192711749295,1.51437597359855,0.0705445965819904,0.928575071913644,0.040106366945189,2.7613803750917,0.101771251579793,2.77012689212149,0.101775010015814
"4373","Q","fine",0,0.04,0.01,0,50.5,7.1,147,48.8,4,11,25.1,5,2.789,0.03,9.92,0.07,1.8,0.02,0.00699510807541663,0.000699510807541663,0,0,0.338184871989829,0.065468306400874,1.60310731379638,0.0783026687589513,0.963038393954002,0.0435673924196422,2.90433057974022,0.110975334016257,2.91132568781563,0.110977538607548
"4381","Q","fine",0,0.04,0.01,0,50.5,7.1,147,52.1,4,11,23.7,5,2.906,0.029,10.32,0.06,1.81,0.01,0.00619957473005666,0.000619957473005666,0,0,0.357554665566949,0.0692979711269518,1.65220786576663,0.0809942858617843,1.00255144940087,0.0457092528088722,3.01231398073446,0.115981114570078,3.01851355546451,0.115982771497262
"4368","Q","fine",0,0.04,0.01,0,50.5,7.1,147,60,4,11,28.3,5,3.003,0.05,11.64,0.12,1.74,0.03,0.00474452046018747,0.000474452046018747,0,0,0.367476437618814,0.0709634905986262,1.57733406648199,0.0762042965944856,1.00578503273805,0.0446215644547346,2.95059553683886,0.113287227134349,2.95534005729905,0.113288220643338
"4379","Q","fine",0,0.04,0.01,0,50.5,7.1,147,62.7,4,11,42.9,5,2.745,0.027,10.61,0.06,1.55,0.01,0.00435641197063585,0.000435641197063585,0,0,0.290722121969881,0.0555722669246338,1.2489498633035,0.0521053819864832,0.80884719218836,0.0315672496433799,2.34851917746174,0.0824605295468538,2.35287558943238,0.0824616802909092
"4376","Q","fine",0,0.04,0.01,0,50.5,7.1,147,65,4,11,42.6,5,2.841,0.035,12.1,0.09,2.04,0.02,0.00405973132521756,0.000405973132521756,0,0,0.317550543051251,0.0608099360726408,1.54261232593801,0.0650505050057032,0.948564793624297,0.0373835493954723,2.80872766261356,0.0965761165716421,2.81278739393877,0.0965769698543278
"4366","Q","fine",0,0.04,0.01,0,50.5,7.1,147,69,4,11,42.5,5,8.222,0.045,21.39,0.1,3.39,0.02,0.00360688849027277,0.000360688849027277,0,0,0.726812193602748,0.14125909290072,2.91671934106122,0.1215117715459,1.88272185921186,0.0734112017479229,5.52625339387583,0.200270932722229,5.5298602823661,0.200271257523084
"4382","Q","fine",0,0.04,0.01,0,50.5,7.1,147,69,4,11,62.5,5,2.572,0.03,10.45,0.07,1.82,0.02,0.00360688849027277,0.000360688849027277,0,0,0.237154947354581,0.0449969240652162,1.18184917726316,0.0435260709289882,0.726908379562044,0.0250844927716517,2.14591250417978,0.0674423739458895,2.14951939267006,0.0674433384397822
"4378","Q","fine",0,0.04,0.01,0,50.5,7.1,147,70.1,4,11,24.9,5,3.174,0.024,10.81,0.06,2.09,0.01,0.00349467405502698,0.000349467405502698,0,0,0.37761388128249,0.0731615049624469,1.84331224327931,0.0892501930957264,1.08804402349166,0.0491009474633682,3.30897014805346,0.125415731939,3.31246482210849,0.125416218828597
"4365","Q","fine",0,0.04,0.01,0,50.5,7.1,147,72.2,4,11,24,5,2.782,0.035,12.83,0.09,2.7,0.02,0.0032934680989379,0.00032934680989379,0,0,0.391483316385662,0.0761325191899683,2.23262139076923,0.109588407609678,1.25833118718593,0.0575829106177287,3.88243589434082,0.145332622476322,3.88572936243976,0.145332995651938
"LUM-2307","Q","fine",0,0.04,0.01,0,50.5,7.1,147,1.5,4,11,20,10,3.471,0.032,11.12,0.07,1.94,0.02,0.175208919112652,0.0175208919112652,0,0,0.423779092435385,0.0928750562012635,1.8786272116,0.188882871018744,1.14620667752443,0.106846378408087,3.44861298155981,0.236048011234146,3.62382190067247,0.236697370625365
"LUM-2308","Q","fine",0,0.04,0.01,0,50.5,7.1,147,4.3,4,11,20,10,4.107,0.045,13.88,0.1,1.83,0.02,0.121908881059722,0.0121908881059722,0,0,0.514319309363077,0.112572627562572,1.9410286332,0.195198822198054,1.28984087947883,0.12018071892837,3.7451888220419,0.255379290205743,3.86709770310163,0.255670099187999
"LUM-2317","Q","fine",0,0.04,0.01,0,50.5,7.1,147,6.6,4,11,20,10,3.65,0.027,12.73,0.06,1.81,0.01,0.0932141706147063,0.00932141706147063,0,0,0.464127504490385,0.101500330871367,1.8508892616,0.185796143178582,1.19912133550489,0.111635282879514,3.51413810159527,0.239342767533557,3.60735227220998,0.239524214196928
"LUM-2318","Q","fine",0,0.04,0.01,0,50.5,7.1,147,9.6,4,11,20,10,3.107,0.028,12.33,0.07,1.83,0.01,0.0681701251702199,0.00681701251702199,0,0,0.421733233353462,0.0921838463803936,1.7926073332,0.179978438654024,1.13808599348534,0.10600101931824,3.3524265600388,0.2283118832,3.42059668520902,0.228413632846176
"LUM-2310","Q","fine",0,0.04,0.01,0,50.5,7.1,147,12.6,4,11,25,10,3.691,0.04,13.34,0.09,1.72,0.02,0.0516667945407822,0.00516667945407823,0,0,0.451618444662546,0.0972714364251676,1.72501129180952,0.165377103800617,1.15483564202335,0.102864292102469,3.33146537849542,0.217697913162799,3.3831321730362,0.217759215584596
"LUM-2311","Q","fine",0,0.04,0.01,0,50.5,7.1,147,13.8,4,11,25,10,3.306,0.029,12.17,0.07,1.76,0.01,0.0466391856765893,0.00466391856765893,0,0,0.408247013464364,0.0879038504901607,1.68314863695238,0.161002396055783,1.08531968871595,0.0966177278750938,3.1767153391327,0.20732545383152,3.22335452480929,0.207377906110683
"LUM-2309","Q","fine",0,0.04,0.01,0,50.5,7.1,147,17.8,4,11,25,10,3.141,0.037,10.57,0.09,1.56,0.02,0.0341384272315795,0.00341384272315795,0,0,0.371127560671636,0.0800408108729814,1.51048902742857,0.144913382489596,0.972193618677043,0.08667580165106,2.85381020677725,0.186866568496439,2.88794863400883,0.186897749434745
"LUM-2312","Q","fine",0,0.04,0.01,0,50.5,7.1,147,22.4,4,11,30,10,2.584,0.036,10.3,0.09,1.34,0.02,0.0249497955435013,0.00249497955435013,0,0,0.315187185854483,0.0670152939569027,1.25052534109091,0.114798887986788,0.833869746646796,0.0712490784385348,2.39958227359219,0.150818650986785,2.42453206913569,0.150839286687687
"LUM-2313","Q","fine",0,0.04,0.01,0,50.5,7.1,147,27.7,4,11,25,10,1.838,0.033,7.82,0.08,1.21,0.02,0.0181974246336072,0.00181974246336072,0,0,0.244748044125818,0.0527922066027153,1.09830765257143,0.105749867183875,0.687850894941634,0.0614669703176078,2.03090659163888,0.133222520346287,2.04910401627249,0.133234948080636
"LUM-2314","Q","fine",0,0.04,0.01,0,50.5,7.1,147,35.3,4,11,30,10,2.706,0.049,9.29,0.11,1.49,0.02,0.0123273297949371,0.00123273297949371,0,0,0.306132933733448,0.0651855586442482,1.33059081963636,0.122081842171687,0.835753949329359,0.0715328545880553,2.47247770269917,0.155788582795118,2.48480503249411,0.155793459939466
"LUM-2315","Q","fine",0,0.04,0.01,0,50.5,7.1,147,52.4,4,11,25,10,2.983,0.032,10.54,0.07,1.85,0.02,0.0061336406017069,0.00061336406017069,0,0,0.360922011885818,0.0777575712752017,1.66904620914286,0.159990169891038,1.01369914396887,0.0903774578547905,3.04366736499755,0.199527389700451,3.04980100559925,0.199528332464705
"LUM-2316","Q","fine",0,0.04,0.01,0,50.5,7.1,147,53.2,4,11,25,10,3.157,0.032,10.56,0.07,1.92,0.01,0.00596253823799173,0.000596253823799173,0,0,0.371941097616,0.0802137083464534,1.73110649104762,0.165556367889789,1.04319424124514,0.0929406452806029,3.14624182990876,0.206109469701719,3.15220436814675,0.206110332150881
"4371","F","coarse",0,0.09,0.02,0,50.5,7.1,147,1.8,150,200,22.1,5,2.841,0.04,12.13,0.09,1.9,0.02,0.168227717303532,0.0168227717303532,0.728845805529022,0.0983140096253449,0.0605715244588392,0.0150828442077124,1.61200005715942,0.081783886509502,1.09885202166238,0.0509972733636669,2.77142360328064,0.0975541807024271,3.66849712611319,0.139518702365761
"4374","F","coarse",0,0.09,0.02,0,50.5,7.1,147,3,150,200,18.6,5,3.073,0.032,12.6,0.07,1.95,0.02,0.143572679930131,0.0143572679930131,0.728845805529022,0.0983140096253449,0.0675249809618886,0.0167718206215358,1.73208922315837,0.0906531960683345,1.18538282564932,0.0566158883965559,2.98499702976957,0.108188052682799,3.85741551522872,0.146889177191962
"4451","F","coarse",0,0.09,0.02,0,50.5,7.1,147,5,150,200,18.6,5,2.97,0.033,11.88,0.07,1.93,0.02,0.112032351819187,0.0112032351819187,0.728845805529022,0.0983140096253449,0.0648715503764291,0.0160754223656204,1.69625904526341,0.0888163949277477,1.14318669350847,0.0546523991568895,2.90431728914831,0.105516140688516,3.74519544649652,0.144654114746012
"4452","F","coarse",0,0.09,0.02,0,50.5,7.1,147,5.4,150,200,20,5,2.854,0.034,11.36,0.08,1.89,0.02,0.10687150414422,0.010687150414422,0.728845805529022,0.0983140096253449,0.0612586406391237,0.015160993243524,1.62742599170506,0.084153242825589,1.08926319218241,0.051483619185024,2.7779478245266,0.0998107561266885,3.61366513419984,0.140506393844459
"4380","F","coarse",0,0.09,0.02,0,50.5,7.1,147,8.7,150,200,36.3,5,2.989,0.022,12.06,0.05,1.87,0.01,0.0745749562418158,0.00745749562418158,0.728845805529022,0.0983140096253449,0.0541766512260067,0.0133131343103016,1.41155609140157,0.062770979680174,0.977056626727589,0.0400519435000163,2.44278936935517,0.0756412163658243,3.246210131126,0.12426927352688
"4453","F","coarse",0,0.09,0.02,0,50.5,7.1,147,9.2,150,200,22.1,5,3.184,0.037,11.66,0.09,1.75,0.02,0.0709169359069078,0.00709169359069078,0.728845805529022,0.0983140096253449,0.0654490190819643,0.0160663436276065,1.54974557989847,0.0786071249350985,1.08149527932649,0.050121502761285,2.69668987830692,0.0946011232870521,3.49645261974285,0.136621042060763
"4367","F","coarse",0,0.09,0.02,0,50.5,7.1,147,11,150,200,21.3,5,2.571,0.029,9.65,0.07,1.62,0.02,0.0596580034170201,0.00596580034170201,0.728845805529022,0.0983140096253449,0.0536274077001123,0.013194595582265,1.38801500065095,0.0711398397681414,0.930367068441126,0.0435062254662826,2.37200947679219,0.0844260967304504,3.16051328573823,0.129726639791019
"4454","F","coarse",0,0.09,0.02,0,50.5,7.1,147,12.1,150,200,25.1,5,2.707,0.038,10.5,0.09,1.64,0.02,0.0539913671433114,0.00539913671433114,0.728845805529022,0.0983140096253449,0.054539517891488,0.013430948273356,1.37684398297837,0.0681919629365671,0.946525728147791,0.042864637563917,2.37790922901765,0.0816572797376307,3.16074640168998,0.127916795222606
"4377","F","coarse",0,0.09,0.02,0,50.5,7.1,147,15.2,150,200,21,5,2.6,0.034,10.01,0.08,1.65,0.02,0.0416129063866928,0.00416129063866928,0.728845805529022,0.0983140096253449,0.0547380493113403,0.0135010628600927,1.41924910787116,0.0729322738842307,0.955568016782314,0.0448359126808669,2.42955517396482,0.0866698006124564,3.20001388588053,0.131128239394094
"4372","F","coarse",0,0.09,0.02,0,50.5,7.1,147,19.2,150,200,30.9,5,2.798,0.028,10.47,0.07,1.54,0.02,0.0308898369669202,0.00308898369669202,0.728845805529022,0.0983140096253449,0.0525831104508856,0.0128680310209971,1.25856739419617,0.0593323300482931,0.888228151391005,0.0382031029956134,2.19937865603806,0.0717313647563628,2.959114298534,0.121739783960303
"4455","F","coarse",0,0.09,0.02,0,50.5,7.1,147,23,150,200,35,5,6.767,0.035,12.92,0.07,1.69,0.01,0.0240208061442514,0.00240208061442514,0.728845805529022,0.0983140096253449,0.108412027974722,0.0261752579364896,1.68087429704951,0.0750681429408216,1.28675096497498,0.0529486035295594,3.07603728999922,0.095519238001336,3.82890390167249,0.137096095160462
"4370","F","coarse",0,0.09,0.02,0,50.5,7.1,147,27,150,200,24,5,2.51,0.035,9.43,0.09,1.75,0.02,0.0189272171766118,0.00189272171766118,0.728845805529022,0.0983140096253449,0.0508069731737543,0.0124863358388822,1.41727521331976,0.0708494207849145,0.919716551507538,0.0421494171074844,2.38779873800105,0.0833793881648212,3.13557176070669,0.128923811822537
"4456","F","coarse",0,0.09,0.02,0,50.5,7.1,147,29.9,150,200,34,5,2.384,0.034,9.94,0.08,1.53,0.02,0.0161482446323497,0.00161482446323497,0.728845805529022,0.0983140096253449,0.0445544954093102,0.0110030368516026,1.17386090221164,0.0541320373428954,0.812077832228308,0.0342223306471664,2.03049322984926,0.0649808602726551,2.77548728001063,0.117859086830137
"4457","F","coarse",0,0.09,0.02,0,50.5,7.1,147,31.3,150,200,34.4,5,2.632,0.038,10.87,0.09,1.62,0.02,0.0150114953839359,0.00150114953839359,0.728845805529022,0.0983140096253449,0.0488796512617675,0.0120575572039542,1.25352968685532,0.0574822692015815,0.877615072980117,0.0368352393226763,2.1800244110972,0.0693284271727591,2.92388171201016,0.120309304514645
"4375","F","coarse",0,0.09,0.02,0,50.5,7.1,147,33,150,200,29.8,5,2.482,0.026,10.06,0.06,1.56,0.01,0.0137783150343498,0.00137783150343498,0.728845805529022,0.0983140096253449,0.0480712418970292,0.011853377888994,1.24618769787771,0.0585979250872542,0.859180724330457,0.0371853513451365,2.1534396641052,0.0704057508061095,2.89606378466857,0.120931851283424
"4369","F","coarse",0,0.09,0.02,0,50.5,7.1,147,38.3,150,200,26.9,5,2.706,0.039,9.79,0.08,1.56,0.02,0.0107404942658048,0.00107404942658048,0.728845805529022,0.0983140096253449,0.0526271735940273,0.0128784288620344,1.29678745794388,0.0632985184987994,0.890145715029158,0.0397182202334226,2.23956034656707,0.0758293702506357,2.97914664636189,0.124164775453392
"4459","F","coarse",0,0.09,0.02,0,50.5,7.1,147,40,150,200,25.1,5,2.762,0.025,10.56,0.06,1.6,0.01,0.00996709620886012,0.000996709620886012,0.728845805529022,0.0983140096253449,0.055460902372816,0.0136333070042475,1.36033718769761,0.0665921196863651,0.945781641189917,0.0425328877197171,2.36157973126034,0.0801836891267376,3.10039263299823,0.126870256248871
"4460","F","coarse",0,0.09,0.02,0,50.5,7.1,147,43.1,150,200,30.6,5,2.539,0.027,10.79,0.07,1.8,0.02,0.00874651702978726,0.000874651702978726,0.728845805529022,0.0983140096253449,0.0493440437347287,0.0122232696974726,1.38445260097144,0.0653083856455181,0.928575071913644,0.040106366945189,2.36237171661981,0.077608725200605,3.09996403917862,0.125257829022688
"4373","F","coarse",0,0.09,0.02,0,50.5,7.1,147,48.8,150,200,25.1,5,2.789,0.03,9.92,0.07,1.8,0.02,0.00699510807541663,0.000699510807541663,0.728845805529022,0.0983140096253449,0.0550979545986591,0.0134738571783582,1.46630738688146,0.0724410379804707,0.963038393954002,0.0435673924196422,2.48444373543412,0.0856000379275494,3.22028464903856,0.130359120498645
"4381","F","coarse",0,0.09,0.02,0,50.5,7.1,147,52.1,150,200,23.7,5,2.906,0.029,10.32,0.06,1.81,0.01,0.00619957473005666,0.000619957473005666,0.728845805529022,0.0983140096253449,0.0582787819549734,0.0142600245077945,1.51024681466939,0.0748303566388128,1.00255144940087,0.0457092528088722,2.57107704602524,0.0888384284304951,3.30612242628432,0.132507717518192
"4368","F","coarse",0,0.09,0.02,0,50.5,7.1,147,60,150,200,28.3,5,3.003,0.05,11.64,0.12,1.74,0.03,0.00474452046018747,0.000474452046018747,0.728845805529022,0.0983140096253449,0.0584549132634764,0.0143767248618727,1.43816293253921,0.0703046142376796,1.00578503273805,0.0446215644547346,2.50240287854074,0.0845015562889285,3.23599320452995,0.129639433077314
"4379","F","coarse",0,0.09,0.02,0,50.5,7.1,147,62.7,150,200,42.9,5,2.745,0.027,10.61,0.06,1.55,0.01,0.00435641197063585,0.000435641197063585,0.728845805529022,0.0983140096253449,0.0462822145876027,0.0113046514517674,1.13821412885013,0.048152218338399,0.80884719218836,0.0315672496433799,1.9933435356261,0.0586764222273501,2.72654575312576,0.114493479278373
"4376","F","coarse",0,0.09,0.02,0,50.5,7.1,147,65,150,200,42.6,5,2.841,0.035,12.1,0.09,2.04,0.02,0.00405973132521756,0.000405973132521756,0.728845805529022,0.0983140096253449,0.0491767514580158,0.0121324850961129,1.41056649407572,0.0603898917667141,0.948564793624297,0.0373835493954723,2.40830803915803,0.0720532163585121,3.14121357601227,0.121891243698648
"4366","F","coarse",0,0.09,0.02,0,50.5,7.1,147,69,150,200,42.5,5,8.222,0.045,21.39,0.1,3.39,0.02,0.00360688849027277,0.000360688849027277,0.728845805529022,0.0983140096253449,0.128499433145297,0.0308382358154946,2.65516133777043,0.112098393782892,1.88272185921186,0.0734112017479229,4.66638263012759,0.137500004432693,5.39883532414688,0.169032617574386
"4382","F","coarse",0,0.09,0.02,0,50.5,7.1,147,69,150,200,62.5,5,2.572,0.03,10.45,0.07,1.82,0.02,0.00360688849027277,0.000360688849027277,0.728845805529022,0.0983140096253449,0.0372251046350883,0.00909221876589868,1.08104949482363,0.0406210311175844,0.726908379562044,0.0250844927716517,1.84518297902076,0.0486000863039745,2.57763567304006,0.109671067168201
"4378","F","coarse",0,0.09,0.02,0,50.5,7.1,147,70.1,150,200,24.9,5,3.174,0.024,10.81,0.06,2.09,0.01,0.00349467405502698,0.000349467405502698,0.728845805529022,0.0983140096253449,0.0622556959970207,0.0151808800364849,1.68750519288871,0.0826326044115372,1.08804402349166,0.0491009474633682,2.83780491237738,0.0973114046364361,3.57014539196143,0.138330315146016
"4365","F","coarse",0,0.09,0.02,0,50.5,7.1,147,72.2,150,200,24,5,2.782,0.035,12.83,0.09,2.7,0.02,0.0032934680989379,0.00032934680989379,0.728845805529022,0.0983140096253449,0.0592439466143451,0.0148722689573159,2.05054484745895,0.101887087891853,1.25833118718593,0.0575829106177287,3.36811998125923,0.11797438136405,4.10025925488719,0.153569878609589
"LUM-2307","F","coarse",0,0.09,0.02,0,50.5,7.1,147,1.5,150,200,20,10,3.471,0.032,11.12,0.07,1.94,0.02,0.175208919112652,0.0175208919112652,0.728845805529022,0.0983140096253449,0.0710257485825747,0.0187176110310832,1.71587827849959,0.172967282117056,1.14620667752443,0.106846378408087,2.9331107046066,0.204167035107522,3.83716542924827,0.227281333079897
"LUM-2308","F","coarse",0,0.09,0.02,0,50.5,7.1,147,4.3,150,200,20,10,4.107,0.045,13.88,0.1,1.83,0.02,0.121908881059722,0.0121908881059722,0.728845805529022,0.0983140096253449,0.0849715546408126,0.0224464065884602,1.76377023614103,0.17778950183354,1.28984087947883,0.12018071892837,3.13858267026067,0.215769213126185,3.98933735684941,0.237424968304763
"LUM-2317","F","coarse",0,0.09,0.02,0,50.5,7.1,147,6.6,150,200,20,10,3.65,0.027,12.73,0.06,1.81,0.01,0.0932141706147063,0.00932141706147063,0.728845805529022,0.0983140096253449,0.0760251403300472,0.0201083770691502,1.68477910116584,0.169519355336224,1.19912133550489,0.111635282879514,2.95992557700078,0.203969593433809,3.7819855531445,0.226618905544528
"LUM-2318","F","coarse",0,0.09,0.02,0,50.5,7.1,147,9.6,150,200,20,10,3.107,0.028,12.33,0.07,1.83,0.01,0.0681701251702199,0.00681701251702199,0.728845805529022,0.0983140096253449,0.0666413104067034,0.0177780326151321,1.63444414292187,0.164501732844274,1.13808599348534,0.10600101931824,2.83917144681392,0.19650214922219,3.63618737751316,0.219829958825473
"LUM-2310","F","coarse",0,0.09,0.02,0,50.5,7.1,147,12.6,150,200,25,10,3.691,0.04,13.34,0.09,1.72,0.02,0.0516667945407822,0.00516667945407823,0.728845805529022,0.0983140096253449,0.0732550558621571,0.0192236018255066,1.56743950068128,0.150664450498527,1.15483564202335,0.102864292102469,2.79553019856678,0.183440415669259,3.57604279863659,0.208189157177083
"LUM-2311","F","coarse",0,0.09,0.02,0,50.5,7.1,147,13.8,150,200,25,10,3.306,0.029,12.17,0.07,1.76,0.01,0.0466391856765893,0.00466391856765893,0.728845805529022,0.0983140096253449,0.0658839797885226,0.0173059886094685,1.53314187335173,0.147039897128679,1.08531968871595,0.0966177278750938,2.68434554185621,0.176791441900079,3.45983053306182,0.202342804552391
"LUM-2309","F","coarse",0,0.09,0.02,0,50.5,7.1,147,17.8,150,200,25,10,3.141,0.037,10.57,0.09,1.56,0.02,0.0341384272315795,0.00341384272315795,0.728845805529022,0.0983140096253449,0.0613856440752255,0.0160491232738326,1.37562889162883,0.13233880855517,0.972193618677043,0.08667580165106,2.40920815438109,0.159008896604922,3.1721923871417,0.18697895071442
"LUM-2312","F","coarse",0,0.09,0.02,0,50.5,7.1,147,22.4,150,200,30,10,2.584,0.036,10.3,0.09,1.34,0.02,0.0249497955435013,0.00249497955435013,0.728845805529022,0.0983140096253449,0.0497427357685202,0.0130353594906661,1.1371887548389,0.104712317161667,0.833869746646796,0.0712490784385348,2.02080123725422,0.127322508382285,2.77459683832674,0.160881604145241
"LUM-2313","F","coarse",0,0.09,0.02,0,50.5,7.1,147,27.7,150,200,25,10,1.838,0.033,7.82,0.08,1.21,0.02,0.0181974246336072,0.00181974246336072,0.728845805529022,0.0983140096253449,0.0379137235454318,0.0100852002091469,1.00263462594193,0.0968339028892295,0.687850894941634,0.0614669703176078,1.728399244429,0.115137762927916,2.47544247459163,0.15141222012536
"LUM-2314","F","coarse",0,0.09,0.02,0,50.5,7.1,147,35.3,150,200,30,10,2.706,0.049,9.29,0.11,1.49,0.02,0.0123273297949371,0.00123273297949371,0.728845805529022,0.0983140096253449,0.0503614380585812,0.0130753923082472,1.21392867272319,0.111724443302695,0.835753949329359,0.0715328545880553,2.10004406011113,0.133305162693827,2.84121719543509,0.165642478006213
"LUM-2315","F","coarse",0,0.09,0.02,0,50.5,7.1,147,52.4,150,200,25,10,2.983,0.032,10.54,0.07,1.85,0.02,0.0061336406017069,0.00061336406017069,0.728845805529022,0.0983140096253449,0.0589094302381791,0.0154384846286581,1.52561101201226,0.146670004515581,1.01369914396887,0.0903774578547905,2.59821958621931,0.172969713882299,3.33319903235004,0.198958645513602
"LUM-2316","F","coarse",0,0.09,0.02,0,50.5,7.1,147,53.2,150,200,25,10,3.157,0.032,10.56,0.07,1.92,0.01,0.00596253823799173,0.000596253823799173,0.728845805529022,0.0983140096253449,0.0616205049002815,0.0161032527387714,1.58281525341327,0.151802934426977,1.04319424124514,0.0929406452806029,2.68762999955869,0.178721596889085,3.42243834332571,0.203978943035352
"4371","Q","coarse",0,0.04,0.01,0,50.5,7.1,147,1.8,150,200,22.1,5,2.841,0.04,12.13,0.09,1.9,0.02,0.168227717303532,0.0168227717303532,0,0,0.0269206775372619,0.0071314917009273,1.60881498646281,0.0815172732378981,1.09885202166238,0.0509972733636669,2.73458768566245,0.0964191158461387,2.90281540296598,0.0978756943742556
"4374","Q","coarse",0,0.04,0.01,0,50.5,7.1,147,3,150,200,18.6,5,3.073,0.032,12.6,0.07,1.95,0.02,0.143572679930131,0.0143572679930131,0,0,0.0300111026497283,0.00793808043779047,1.7286615847227,0.0903673585912765,1.18538282564932,0.0566158883965559,2.94405551302174,0.106932836110955,3.08762819295187,0.107892365730647
"4451","Q","coarse",0,0.04,0.01,0,50.5,7.1,147,5,150,200,18.6,5,2.97,0.033,11.88,0.07,1.93,0.02,0.112032351819187,0.0112032351819187,0,0,0.0288318001673018,0.00761392172829335,1.6928583952302,0.0885320860277421,1.14318669350847,0.0546523991568895,2.86487688890597,0.104320596212407,2.97690924072515,0.104920442587007
"4452","Q","coarse",0,0.04,0.01,0,50.5,7.1,147,5.4,150,200,20,5,2.854,0.034,11.36,0.08,1.89,0.02,0.10687150414422,0.010687150414422,0,0,0.0272260625062772,0.00718252901237402,1.62414548707342,0.083879046223099,1.08926319218241,0.051483619185024,2.74063474176211,0.0986805257520395,2.84750624590633,0.0992575505776735
"4380","Q","coarse",0,0.04,0.01,0,50.5,7.1,147,8.7,150,200,36.3,5,2.989,0.022,12.06,0.05,1.87,0.01,0.0745749562418158,0.00745749562418158,0,0,0.024078511656003,0.00631097371359207,1.40875680371215,0.0625457904271826,0.977056626727589,0.0400519435000163,2.40989194209575,0.0745383288483394,2.48446689833756,0.0749104579380468
"4453","Q","coarse",0,0.04,0.01,0,50.5,7.1,147,9.2,150,200,22.1,5,3.184,0.037,11.66,0.09,1.75,0.02,0.0709169359069078,0.00709169359069078,0,0,0.0290884529253175,0.00763053525375377,1.54666025985283,0.078359658418512,1.08149527932649,0.050121502761285,2.65724399210463,0.0933307354239436,2.72816092801154,0.0935997772046409
"4367","Q","coarse",0,0.04,0.01,0,50.5,7.1,147,11,150,200,21.3,5,2.571,0.029,9.65,0.07,1.62,0.02,0.0596580034170201,0.00596580034170201,0,0,0.0238344034222721,0.00626203943652071,1.38519561826367,0.0709070344555993,0.930367068441126,0.0435062254662826,2.33939709012707,0.0834254896750094,2.39905509354409,0.0836385264171491
"4454","Q","coarse",0,0.04,0.01,0,50.5,7.1,147,12.1,150,200,25.1,5,2.707,0.038,10.5,0.09,1.64,0.02,0.0539913671433114,0.00539913671433114,0,0,0.0242397857295502,0.00636971537434083,1.37409768282115,0.0679680495334501,0.946525728147791,0.042864637563917,2.34486319669849,0.0806077303043425,2.3988545638418,0.0807883460783649
"4377","Q","coarse",0,0.04,0.01,0,50.5,7.1,147,15.2,150,200,21,5,2.6,0.034,10.01,0.08,1.65,0.02,0.0416129063866928,0.00416129063866928,0,0,0.0243280219161512,0.00640260573154124,1.41638419047151,0.0726949694043656,0.955568016782314,0.0448359126808669,2.39628022916997,0.0856493491089193,2.43789313555667,0.0857503780899013
"4372","Q","coarse",0,0.04,0.01,0,50.5,7.1,147,19.2,150,200,30.9,5,2.798,0.028,10.47,0.07,1.54,0.02,0.0308898369669202,0.00308898369669202,0,0,0.0233702713115047,0.00611147164824263,1.25607870476941,0.0591354291968046,0.888228151391005,0.0382031029956134,2.16767712747192,0.0706670089256012,2.19856696443884,0.0707344892592675
"4455","Q","coarse",0,0.04,0.01,0,50.5,7.1,147,23,150,200,35,5,6.767,0.035,12.92,0.07,1.69,0.01,0.0240208061442514,0.00240208061442514,0,0,0.0481831235443209,0.0126038436292547,1.67728382835606,0.074856839296804,1.28675096497498,0.0529486035295594,3.01221791687536,0.0925524601481166,3.03623872301962,0.0925836263642061
"4370","Q","coarse",0,0.04,0.01,0,50.5,7.1,147,27,150,200,24,5,2.51,0.035,9.43,0.09,1.75,0.02,0.0189272171766118,0.00189272171766118,0,0,0.022580876966113,0.00592663898725262,1.41434053969231,0.0706044989448921,0.919716551507538,0.0421494171074844,2.35663796816596,0.0824420625860683,2.37556518534257,0.0824637864698542
"4456","Q","coarse",0,0.04,0.01,0,50.5,7.1,147,29.9,150,200,34,5,2.384,0.034,9.94,0.08,1.53,0.02,0.0161482446323497,0.00161482446323497,0,0,0.0198019979596934,0.0052097208767298,1.17154484760253,0.0539424587991567,0.812077832228308,0.0342223306471664,2.00342467779053,0.0640944456863162,2.01957292242288,0.0641147847682826
"4457","Q","coarse",0,0.04,0.01,0,50.5,7.1,147,31.3,150,200,34.4,5,2.632,0.038,10.87,0.09,1.62,0.02,0.0150114953839359,0.00150114953839359,0,0,0.0217242894496745,0.00571075379300608,1.25107175181361,0.0572830446178452,0.877615072980117,0.0368352393226763,2.1504111142434,0.0683432130173379,2.16542260962733,0.0683596973038196
"4375","Q","coarse",0,0.04,0.01,0,50.5,7.1,147,33,150,200,29.8,5,2.482,0.026,10.06,0.06,1.56,0.01,0.0137783150343498,0.00137783150343498,0,0,0.0213649963986796,0.00561620779123947,1.2437175129828,0.0583973941570819,0.859180724330457,0.0371853513451365,2.12426323371193,0.0694589647846353,2.13804154874628,0.0694726292046376
"4369","Q","coarse",0,0.04,0.01,0,50.5,7.1,147,38.3,150,200,26.9,5,2.706,0.039,9.79,0.08,1.56,0.02,0.0107404942658048,0.00107404942658048,0,0,0.0233898549306788,0.0061202253436539,1.2941705136594,0.0630885046048757,0.890145715029158,0.0397182202334226,2.20770608361924,0.0748007592879056,2.21844657788504,0.0748084699229835
"4459","Q","coarse",0,0.04,0.01,0,50.5,7.1,147,40,150,200,25.1,5,2.762,0.025,10.56,0.06,1.6,0.01,0.00996709620886012,0.000996709620886012,0,0,0.0246492899434738,0.00646879875565273,1.35763693976613,0.0663753951204568,0.945781641189917,0.0425328877197171,2.32806787089952,0.0790985775631645,2.33803496710838,0.0791048570100744
"4460","Q","coarse",0,0.04,0.01,0,50.5,7.1,147,43.1,150,200,30.6,5,2.539,0.027,10.79,0.07,1.8,0.02,0.00874651702978726,0.000874651702978726,0,0,0.0219306861043239,0.0057834229322566,1.38167783952017,0.0650768508844229,0.928575071913644,0.040106366945189,2.33218359753814,0.0766613668766016,2.34093011456792,0.0766663562913384
"4373","Q","coarse",0,0.04,0.01,0,50.5,7.1,147,48.8,150,200,25.1,5,2.789,0.03,9.92,0.07,1.8,0.02,0.00699510807541663,0.000699510807541663,0,0,0.0244879798216263,0.00640574756987814,1.46326870951221,0.0721920620610852,0.963038393954002,0.0435673924196422,2.45079508328784,0.0845626697119224,2.45779019136325,0.0845655628738883
"4381","Q","coarse",0,0.04,0.01,0,50.5,7.1,147,52.1,150,200,23.7,5,2.906,0.029,10.32,0.06,1.81,0.01,0.00619957473005666,0.000619957473005666,0,0,0.0259016808688771,0.0067792044356449,1.5071362188312,0.07457771478337,1.00255144940087,0.0457092528088722,2.53558934910095,0.087733283008419,2.541788923831,0.0877354734112929
"4368","Q","coarse",0,0.04,0.01,0,50.5,7.1,147,60,150,200,28.3,5,3.003,0.05,11.64,0.12,1.74,0.03,0.00474452046018747,0.000474452046018747,0,0,0.0259799614504339,0.00681940764317418,1.43532088037942,0.0700741293916477,1.00578503273805,0.0446215644547346,2.46708587456791,0.0833544956495401,2.4718303950281,0.0833558459241652
"4379","Q","coarse",0,0.04,0.01,0,50.5,7.1,147,62.7,150,200,42.9,5,2.745,0.027,10.61,0.06,1.55,0.01,0.00435641197063585,0.000435641197063585,0,0,0.0205698731500457,0.00536703328718599,1.13597530865533,0.0479771989900249,0.80884719218836,0.0315672496433799,1.96539237399373,0.0576810880556329,1.96974878596437,0.057682733140293
"4376","Q","coarse",0,0.04,0.01,0,50.5,7.1,147,65,150,200,42.6,5,2.841,0.035,12.1,0.09,2.04,0.02,0.00405973132521756,0.000405973132521756,0,0,0.0218563339813404,0.00574299548881084,1.40773357229916,0.0601550595214042,0.948564793624297,0.0373835493954723,2.3781546999048,0.0710573215693633,2.38221443123001,0.0710584812868684
"4366","Q","coarse",0,0.04,0.01,0,50.5,7.1,147,69,150,200,42.5,5,8.222,0.045,21.39,0.1,3.39,0.02,0.00360688849027277,0.000360688849027277,0,0,0.0571108591756876,0.0147830553801129,2.6495961335509,0.111708964639764,1.88272185921186,0.0734112017479229,4.58942885193845,0.134486564568115,4.59303574042872,0.134487048245471
"4382","Q","coarse",0,0.04,0.01,0,50.5,7.1,147,69,150,200,62.5,5,2.572,0.03,10.45,0.07,1.82,0.02,0.00360688849027277,0.000360688849027277,0,0,0.0165444909489281,0.00431271810214367,1.07885408449201,0.0404392244703473,0.726908379562044,0.0250844927716517,1.82230695500298,0.0477824464715103,1.82591384349325,0.0477838077935252
"4378","Q","coarse",0,0.04,0.01,0,50.5,7.1,147,70.1,150,200,24.9,5,3.174,0.024,10.81,0.06,2.09,0.01,0.00349467405502698,0.000349467405502698,0,0,0.0276691982208981,0.00722570587675365,1.68395455182428,0.0823426543106216,1.08804402349166,0.0491009474633682,2.79966777353683,0.0961427406835084,2.80316244759186,0.0961433758175978
"4365","Q","coarse",0,0.04,0.01,0,50.5,7.1,147,72.2,150,200,24,5,2.782,0.035,12.83,0.09,2.7,0.02,0.0032934680989379,0.00032934680989379,0,0,0.026330642939709,0.00701611699234865,2.04626422499558,0.101510330285208,1.25833118718593,0.0575829106177287,3.33092605512122,0.116916058124929,3.33421952322015,0.116916522000925
"LUM-2307","Q","coarse",0,0.04,0.01,0,50.5,7.1,147,1.5,150,200,20,10,3.471,0.032,11.12,0.07,1.94,0.02,0.175208919112652,0.0175208919112652,0,0,0.0315669993700332,0.00883536144732259,1.71231074594761,0.172555441007543,1.14620667752443,0.106846378408087,2.89008442284207,0.203149187574395,3.06529334195472,0.20390334491004
"LUM-2308","Q","coarse",0,0.04,0.01,0,50.5,7.1,147,4.3,150,200,20,10,4.107,0.045,13.88,0.1,1.83,0.02,0.121908881059722,0.0121908881059722,0,0,0.0377651353959167,0.0105835302494516,1.76031690962601,0.17739668682872,1.28984087947883,0.12018071892837,3.08792292450075,0.214534381422857,3.20983180556047,0.214880475067653
"LUM-2317","Q","coarse",0,0.04,0.01,0,50.5,7.1,147,6.6,150,200,20,10,3.65,0.027,12.73,0.06,1.81,0.01,0.0932141706147063,0.00932141706147063,0,0,0.0337889512577988,0.00947502987153509,1.68144249106555,0.169137584607841,1.19912133550489,0.111635282879514,2.91435277782824,0.20287862159831,3.00756694844294,0.203092648605665
"LUM-2318","Q","coarse",0,0.04,0.01,0,50.5,7.1,147,9.6,150,200,20,10,3.107,0.028,12.33,0.07,1.83,0.01,0.0681701251702199,0.00681701251702199,0,0,0.0296183601807571,0.00835210623592068,1.63122788834567,0.164128436215504,1.13808599348534,0.10600101931824,2.79893224201177,0.195561032288206,2.86710236718199,0.195679812472534
"LUM-2310","Q","coarse",0,0.04,0.01,0,50.5,7.1,147,12.6,150,200,25,10,3.691,0.04,13.34,0.09,1.72,0.02,0.0516667945407822,0.00516667945407823,0,0,0.0325578026054032,0.00906080574492816,1.56441410067404,0.150330744939257,1.15483564202335,0.102864292102469,2.75180754530279,0.182380080229397,2.80347433984357,0.182453249466986
"LUM-2311","Q","coarse",0,0.04,0.01,0,50.5,7.1,147,13.8,150,200,25,10,3.306,0.029,12.17,0.07,1.76,0.01,0.0466391856765893,0.00466391856765893,0,0,0.029281768794899,0.00815365933397855,1.53011519764181,0.146703606777145,1.08531968871595,0.0966177278750938,2.64471665515266,0.175850549449535,2.69135584082925,0.175912386937672
"LUM-2309","Q","coarse",0,0.04,0.01,0,50.5,7.1,147,17.8,150,200,25,10,3.141,0.037,10.57,0.09,1.56,0.02,0.0341384272315795,0.00341384272315795,0,0,0.027282508477878,0.00757653221172416,1.37287162321062,0.132033458899053,0.972193618677043,0.08667580165106,2.37234775036554,0.158123156751492,2.40648617759712,0.158160004499227
"LUM-2312","Q","coarse",0,0.04,0.01,0,50.5,7.1,147,22.4,150,200,30,10,2.584,0.036,10.3,0.09,1.34,0.02,0.0249497955435013,0.00249497955435013,0,0,0.0221078825637867,0.00613523160063632,1.13501873090147,0.104477398312163,0.833869746646796,0.0712490784385348,1.99099636011206,0.126608052679173,2.01594615565556,0.126632633733129
"LUM-2313","Q","coarse",0,0.04,0.01,0,50.5,7.1,147,27.7,150,200,25,10,1.838,0.033,7.82,0.08,1.21,0.02,0.0181974246336072,0.00181974246336072,0,0,0.0168505437979697,0.00473429422003288,1.00065828237355,0.0966085266860091,0.687850894941634,0.0614669703176078,1.70535972111315,0.114602833342936,1.72355714574676,0.114617279992424
"LUM-2314","Q","coarse",0,0.04,0.01,0,50.5,7.1,147,35.3,150,200,30,10,2.706,0.049,9.29,0.11,1.49,0.02,0.0123273297949371,0.00123273297949371,0,0,0.0223828613593694,0.00617555948573094,1.21146164154401,0.111457475013761,0.835753949329359,0.0715328545880553,2.06959845223274,0.132581505335099,2.08192578202768,0.132587236141038
"LUM-2315","Q","coarse",0,0.04,0.01,0,50.5,7.1,147,52.4,150,200,25,10,2.983,0.032,10.54,0.07,1.85,0.02,0.0061336406017069,0.00061336406017069,0,0,0.0261819689947463,0.00728049670144337,1.52246676903353,0.146316195827698,1.01369914396887,0.0903774578547905,2.56234788199715,0.172132273795484,2.56848152259885,0.172133366601231
"LUM-2316","Q","coarse",0,0.04,0.01,0,50.5,7.1,147,53.2,150,200,25,10,3.157,0.032,10.56,0.07,1.92,0.01,0.00596253823799173,0.000596253823799173,0,0,0.0273868910667918,0.00760322677997036,1.57951474651472,0.151433425721808,1.04319424124514,0.0929406452806029,2.65009587882665,0.177842219476942,2.65605841706464,0.177843219007944
"4371","Q","coarse",10,0.04,0.01,0,50.5,7.1,147,1.8,150,200,22.1,5,2.841,0.04,12.13,0.09,1.9,0.02,0.168227717303532,0.0168227717303532,0,0,0,0,1.5854483122027,0.080359125681185,1.09885202166238,0.0509972733636669,2.68430033386508,0.0951751594207914,2.85252805116861,0.0966504869075403
"4374","Q","coarse",10,0.04,0.01,0,50.5,7.1,147,3,150,200,18.6,5,3.073,0.032,12.6,0.07,1.95,0.02,0.143572679930131,0.0143572679930131,0,0,0,0,1.7034053880427,0.0890742100420402,1.18538282564932,0.0566158883965559,2.88878821369202,0.105544178965705,3.03236089362215,0.106516218754554
"4451","Q","coarse",10,0.04,0.01,0,50.5,7.1,147,5,150,200,18.6,5,2.97,0.033,11.88,0.07,1.93,0.02,0.112032351819187,0.0112032351819187,0,0,0,0,1.66835203833545,0.0872775694559393,1.14318669350847,0.0546523991568895,2.81153873184392,0.102976982203502,2.92357108366311,0.103584609582127
"4452","Q","coarse",10,0.04,0.01,0,50.5,7.1,147,5.4,150,200,20,5,2.854,0.034,11.36,0.08,1.89,0.02,0.10687150414422,0.010687150414422,0,0,0,0,1.60075235867787,0.0826975584525299,1.08926319218241,0.051483619185024,2.69001555086029,0.0974138040443867,2.7968870550045,0.0979982877522799
"4380","Q","coarse",10,0.04,0.01,0,50.5,7.1,147,8.7,150,200,36.3,5,2.989,0.022,12.06,0.05,1.87,0.01,0.0745749562418158,0.00745749562418158,0,0,0,0,1.3881575573871,0.0616521687535251,0.977056626727589,0.0400519435000163,2.36521418411469,0.0735197122555688,2.43978914035651,0.0738969710551544
"4453","Q","coarse",10,0.04,0.01,0,50.5,7.1,147,9.2,150,200,22.1,5,3.184,0.037,11.66,0.09,1.75,0.02,0.0709169359069078,0.00709169359069078,0,0,0,0,1.52369445413018,0.0772222129899084,1.08149527932649,0.050121502761285,2.60518973345667,0.092062126947558,2.67610666936358,0.0923348652248571
"4367","Q","coarse",10,0.04,0.01,0,50.5,7.1,147,11,150,200,21.3,5,2.571,0.029,9.65,0.07,1.62,0.02,0.0596580034170201,0.00596580034170201,0,0,0,0,1.36518982741478,0.0699084980926441,0.930367068441126,0.0435062254662826,2.29555689585591,0.0823406932196483,2.35521489927293,0.0825565293214854
"4454","Q","coarse",10,0.04,0.01,0,50.5,7.1,147,12.1,150,200,25.1,5,2.707,0.038,10.5,0.09,1.64,0.02,0.0539913671433114,0.00539913671433114,0,0,0,0,1.35397568942457,0.0669975214770549,0.946525728147791,0.042864637563917,2.30050141757236,0.0795364384263867,2.35449278471568,0.0797194814008122
"4377","Q","coarse",10,0.04,0.01,0,50.5,7.1,147,15.2,150,200,21,5,2.6,0.034,10.01,0.08,1.65,0.02,0.0416129063866928,0.00416129063866928,0,0,0,0,1.39588524628446,0.0716680973393687,0.955568016782314,0.0448359126808669,2.35145326306678,0.0845374191832915,2.39306616945347,0.0846397754129288
"4372","Q","coarse",10,0.04,0.01,0,50.5,7.1,147,19.2,150,200,30.9,5,2.798,0.028,10.47,0.07,1.54,0.02,0.0308898369669202,0.00308898369669202,0,0,0,0,1.23737367972257,0.0582800931452854,0.888228151391005,0.0382031029956134,2.12560183111358,0.0696853380239817,2.1564916680805,0.0697537680401211
"4455","Q","coarse",10,0.04,0.01,0,50.5,7.1,147,23,150,200,35,5,6.767,0.035,12.92,0.07,1.69,0.01,0.0240208061442514,0.00240208061442514,0,0,0,0,1.64999165292958,0.0736670605900928,1.28675096497498,0.0529486035295594,2.93674261790456,0.0907214992805723,2.96076342404882,0.0907532942817674
"4370","Q","coarse",10,0.04,0.01,0,50.5,7.1,147,27,150,200,24,5,2.51,0.035,9.43,0.09,1.75,0.02,0.0189272171766118,0.00189272171766118,0,0,0,0,1.39437248991998,0.0696331946051458,0.919716551507538,0.0421494171074844,2.31408904142752,0.0813962846413693,2.33301625860413,0.0814182875582588
"4456","Q","coarse",10,0.04,0.01,0,50.5,7.1,147,29.9,150,200,34,5,2.384,0.034,9.94,0.08,1.53,0.02,0.0161482446323497,0.00161482446323497,0,0,0,0,1.15442909968742,0.0531783505734441,0.812077832228308,0.0342223306471664,1.96650693191573,0.0632384762991338,1.98265517654808,0.0632590905932354
"4457","Q","coarse",10,0.04,0.01,0,50.5,7.1,147,31.3,150,200,34.4,5,2.632,0.038,10.87,0.09,1.62,0.02,0.0150114953839359,0.00150114953839359,0,0,0,0,1.23264335626413,0.0564634382269543,0.877615072980117,0.0368352393226763,2.11025842924425,0.0674162792830332,2.12526992462818,0.0674329901628613
"4375","Q","coarse",10,0.04,0.01,0,50.5,7.1,147,33,150,200,29.8,5,2.482,0.026,10.06,0.06,1.56,0.01,0.0137783150343498,0.00137783150343498,0,0,0,0,1.22553834843161,0.0575616013014018,0.859180724330457,0.0371853513451365,2.08471907276206,0.068528011054187,2.09849738779641,0.0685418610682161
"4369","Q","coarse",10,0.04,0.01,0,50.5,7.1,147,38.3,150,200,26.9,5,2.706,0.039,9.79,0.08,1.56,0.02,0.0107404942658048,0.00107404942658048,0,0,0,0,1.27519739387767,0.0621883206936558,0.890145715029158,0.0397182202334226,2.16534310890683,0.0737897299710985,2.17608360317264,0.0737975462422591
"4459","Q","coarse",10,0.04,0.01,0,50.5,7.1,147,40,150,200,25.1,5,2.762,0.025,10.56,0.06,1.6,0.01,0.00996709620886012,0.000996709620886012,0,0,0,0,1.3375928245447,0.0654139879037287,0.945781641189917,0.0425328877197171,2.28337446573462,0.078025869756429,2.29334156194348,0.0780322355268359
"4460","Q","coarse",10,0.04,0.01,0,50.5,7.1,147,43.1,150,200,30.6,5,2.539,0.027,10.79,0.07,1.8,0.02,0.00874651702978726,0.000874651702978726,0,0,0,0,1.36189111262398,0.0641708057256151,0.928575071913644,0.040106366945189,2.29046618453763,0.0756730663910006,2.29921270156741,0.0756781209638447
"4373","Q","coarse",10,0.04,0.01,0,50.5,7.1,147,48.8,150,200,25.1,5,2.789,0.03,9.92,0.07,1.8,0.02,0.00699510807541663,0.000699510807541663,0,0,0,0,1.44240985851003,0.0711897366830357,0.963038393954002,0.0435673924196422,2.40544825246403,0.0834631433103682,2.41244336053945,0.083466074584929
"4381","Q","coarse",10,0.04,0.01,0,50.5,7.1,147,52.1,150,200,23.7,5,2.906,0.029,10.32,0.06,1.81,0.01,0.00619957473005666,0.000619957473005666,0,0,0,0,1.48548399898531,0.073527349476425,1.00255144940087,0.0457092528088722,2.48803544838618,0.0865771731657584,2.49423502311624,0.0865793928174716
"4368","Q","coarse",10,0.04,0.01,0,50.5,7.1,147,60,150,200,28.3,5,3.003,0.05,11.64,0.12,1.74,0.03,0.00474452046018747,0.000474452046018747,0,0,0,0,1.41408715828933,0.0690724502028576,1.00578503273805,0.0446215644547346,2.41987219102738,0.0822319122446649,2.42461671148757,0.0822332809521683
"4379","Q","coarse",10,0.04,0.01,0,50.5,7.1,147,62.7,150,200,42.9,5,2.745,0.027,10.61,0.06,1.55,0.01,0.00435641197063585,0.000435641197063585,0,0,0,0,1.1190764834367,0.0472811920194556,0.80884719218836,0.0315672496433799,1.92792367562506,0.0568507024479742,1.9322800875957,0.0568523715607421
"4376","Q","coarse",10,0.04,0.01,0,50.5,7.1,147,65,150,200,42.6,5,2.841,0.035,12.1,0.09,2.04,0.02,0.00405973132521756,0.000405973132521756,0,0,0,0,1.38762568017643,0.0593225847475478,0.948564793624297,0.0373835493954723,2.33619047380073,0.0701191758831613,2.34025020512595,0.0701203511166197
"4366","Q","coarse",10,0.04,0.01,0,50.5,7.1,147,69,150,200,42.5,5,8.222,0.045,21.39,0.1,3.39,0.02,0.00360688849027277,0.000360688849027277,0,0,0,0,2.60952158035948,0.110064412832973,1.88272185921186,0.0734112017479229,4.49224343957134,0.132300338300177,4.49585032806161,0.132300829970137
"4382","Q","coarse",10,0.04,0.01,0,50.5,7.1,147,69,150,200,62.5,5,2.572,0.03,10.45,0.07,1.82,0.02,0.00360688849027277,0.000360688849027277,0,0,0,0,1.0635008612973,0.0398891784775328,0.726908379562044,0.0250844927716517,1.79040924085934,0.0471208906667044,1.79401612934962,0.0471222711005033
"4378","Q","coarse",10,0.04,0.01,0,50.5,7.1,147,70.1,150,200,24.9,5,3.174,0.024,10.81,0.06,2.09,0.01,0.00349467405502698,0.000349467405502698,0,0,0,0,1.66019893111108,0.0812055454925028,1.08804402349166,0.0491009474633682,2.74824295460274,0.0948959622983791,2.75173762865777,0.0948966057770398
"4365","Q","coarse",10,0.04,0.01,0,50.5,7.1,147,72.2,150,200,24,5,2.782,0.035,12.83,0.09,2.7,0.02,0.0032934680989379,0.00032934680989379,0,0,0,0,2.01860480278335,0.100170639850647,1.25833118718593,0.0575829106177287,3.27693598996928,0.115541978013609,3.28022945806822,0.115542447406217
"LUM-2307","Q","coarse",10,0.04,0.01,0,50.5,7.1,147,1.5,150,200,20,10,3.471,0.032,11.12,0.07,1.94,0.02,0.175208919112652,0.0175208919112652,0,0,0,0,1.68745826994688,0.170065638495618,1.14620667752443,0.106846378408087,2.83366494747131,0.200844392443121,3.00887386658397,0.201607171571878
"LUM-2308","Q","coarse",10,0.04,0.01,0,50.5,7.1,147,4.3,150,200,20,10,4.107,0.045,13.88,0.1,1.83,0.02,0.121908881059722,0.0121908881059722,0,0,0,0,1.73320275615019,0.174678103935574,1.28984087947883,0.12018071892837,3.02304363562902,0.212027934944118,3.14495251668874,0.212378113160183
"LUM-2317","Q","coarse",10,0.04,0.01,0,50.5,7.1,147,6.6,150,200,20,10,3.65,0.027,12.73,0.06,1.81,0.01,0.0932141706147063,0.00932141706147063,0,0,0,0,1.65605841635324,0.166594954043272,1.19912133550489,0.111635282879514,2.85517975185813,0.200540058582491,2.94839392247284,0.200756578752236
"LUM-2318","Q","coarse",10,0.04,0.01,0,50.5,7.1,147,9.6,150,200,20,10,3.107,0.028,12.33,0.07,1.83,0.01,0.0681701251702199,0.00681701251702199,0,0,0,0,1.60710130982423,0.161711262149105,1.13808599348534,0.10600101931824,2.74518730330957,0.193356531832681,2.81335742847979,0.193476665419941
"LUM-2310","Q","coarse",10,0.04,0.01,0,50.5,7.1,147,12.6,150,200,25,10,3.691,0.04,13.34,0.09,1.72,0.02,0.0516667945407822,0.00516667945407823,0,0,0,0,1.54032599232271,0.148029391547348,1.15483564202335,0.102864292102469,2.69516163434605,0.180260265592892,2.74682842888683,0.180334294930835
"LUM-2311","Q","coarse",10,0.04,0.01,0,50.5,7.1,147,13.8,150,200,25,10,3.306,0.029,12.17,0.07,1.76,0.01,0.0466391856765893,0.00466391856765893,0,0,0,0,1.5072091753016,0.144517659813843,1.08531968871595,0.0966177278750938,2.59252886401756,0.173839981988653,2.63916804969415,0.173902534409999
"LUM-2309","Q","coarse",10,0.04,0.01,0,50.5,7.1,147,17.8,150,200,25,10,3.141,0.037,10.57,0.09,1.56,0.02,0.0341384272315795,0.00341384272315795,0,0,0,0,1.35226073740428,0.130064381150387,0.972193618677043,0.08667580165106,2.32445435608132,0.15629919333089,2.3585927833129,0.156336470978545
"LUM-2312","Q","coarse",10,0.04,0.01,0,50.5,7.1,147,22.4,150,200,30,10,2.584,0.036,10.3,0.09,1.34,0.02,0.0249497955435013,0.00249497955435013,0,0,0,0,1.1177133639109,0.102896710305184,0.833869746646796,0.0712490784385348,1.9515831105577,0.12515655863745,1.9765329061012,0.12518142471208
"LUM-2313","Q","coarse",10,0.04,0.01,0,50.5,7.1,147,27.7,150,200,25,10,1.838,0.033,7.82,0.08,1.21,0.02,0.0181974246336072,0.00181974246336072,0,0,0,0,0.986079515151597,0.0952129147620108,0.687850894941634,0.0614669703176078,1.67393041009323,0.113329994165285,1.69212783472684,0.113344603048123
"LUM-2314","Q","coarse",10,0.04,0.01,0,50.5,7.1,147,35.3,150,200,30,10,2.706,0.049,9.29,0.11,1.49,0.02,0.0123273297949371,0.00123273297949371,0,0,0,0,1.1936482686693,0.109830668427624,0.835753949329359,0.0715328545880553,2.02940221799866,0.131071450029266,2.0417295477936,0.131077246856093
"LUM-2315","Q","coarse",10,0.04,0.01,0,50.5,7.1,147,52.4,150,200,25,10,2.983,0.032,10.54,0.07,1.85,0.02,0.0061336406017069,0.00061336406017069,0,0,0,0,1.50058864013092,0.144227549258282,1.01369914396887,0.0903774578547905,2.5142877840998,0.170204790923595,2.5204214247015,0.170205896104732
"LUM-2316","Q","coarse",10,0.04,0.01,0,50.5,7.1,147,53.2,150,200,25,10,3.157,0.032,10.56,0.07,1.92,0.01,0.00596253823799173,0.000596253823799173,0,0,0,0,1.55688892233489,0.149275606164534,1.04319424124514,0.0929406452806029,2.60008316358003,0.175844164364257,2.60604570181802,0.175845175252511
