"Sample","mineral","grainsize","etch_depth_um","a_value","a_value_err","Rn_loss","latitude","longitude","altitude_m","depth_m","grain_min","grain_max","water_percent","water_err","U_ppm","U_err","Th_ppm","Th_err","K_percent","K_err","cosmicray","cosmicray_err","internal","internal_err","external_alpha","external_alpha_err","external_beta","external_beta_err","external_gamma","external_gamma_err","external_total","external_total_err","doserate_Gyperka","doserate_err"
"4371","fsp","fine",0,0.09,0.02,0,50.5,7.1,147,1.8,4,11,22.1,5,2.841,0.148,12.13,0.613,1.9,0.097,0.168227717303532,0.0168227717303532,0.0361502366487321,0.0135530658321565,0.831744282796611,0.149771515936229,1.76494593274313,0.108639239197014,1.09885202166238,0.0605312802894266,3.69554223720212,0.194674156406594,3.89992019115439,0.195869135942245
"4374","fsp","fine",0,0.09,0.02,0,50.5,7.1,147,3,4,11,18.6,5,3.073,0.157,12.6,0.634,1.95,0.1,0.143572679930131,0.0143572679930131,0.0361502366487321,0.0135530658321565,0.916534335842064,0.165519270787051,1.89729996620595,0.119222418920111,1.18538282564932,0.0666293876557238,3.99921712769733,0.214592845813686,4.1789400442762,0.215499202346761
"4451","fsp","fine",0,0.09,0.02,0,50.5,7.1,147,5,4,11,18.6,5,2.97,0.152,11.88,0.598,1.93,0.099,0.112032351819187,0.0112032351819187,0.0361502366487321,0.0135530658321565,0.874342618284793,0.157862085485944,1.85660311151186,0.116972224722918,1.14318669350847,0.0642572896745104,3.87413242330512,0.206717049773148,4.02231501177304,0.207463579307083
"4452","fsp","fine",0,0.09,0.02,0,50.5,7.1,147,5.4,4,11,20,5,2.854,0.147,11.36,0.574,1.89,0.097,0.10687150414422,0.010687150414422,0.0361502366487321,0.0135530658321565,0.824497646618077,0.14863460339486,1.78051801079064,0.111378355899775,1.08926319218241,0.0607335052505488,3.69427884959113,0.195412236436981,3.83730059038408,0.196172992347912
"4380","fsp","fine",0,0.09,0.02,0,50.5,7.1,147,8.7,4,11,36.3,5,2.989,0.151,12.06,0.605,1.87,0.094,0.0745749562418158,0.00745749562418158,0.0361502366487321,0.0135530658321565,0.7319936897882,0.129922204035229,1.54628013169502,0.0871049315268298,0.977056626727589,0.0493678583984744,3.25533044821081,0.164025100641692,3.36605564110135,0.164752946786856
"4453","fsp","fine",0,0.09,0.02,0,50.5,7.1,147,9.2,4,11,22.1,5,3.184,0.163,11.66,0.59,1.75,0.09,0.0709169359069078,0.00709169359069078,0.0361502366487321,0.0135530658321565,0.860552861060176,0.154773426223417,1.6997082245152,0.103786837877256,1.08149527932649,0.0593427847563606,3.64175636490186,0.195571182141273,3.7488235374575,0.196168460756489
"4367","fsp","fine",0,0.09,0.02,0,50.5,7.1,147,11,4,11,21.3,5,2.571,0.132,9.65,0.488,1.62,0.083,0.0596580034170201,0.00596580034170201,0.0361502366487321,0.0135530658321565,0.709966615451828,0.127783474882716,1.51885748491792,0.0939980138242735,0.930367068441126,0.0513663448650047,3.15919116881087,0.166741549833269,3.25499940887662,0.167397792123936
"4454","fsp","fine",0,0.09,0.02,0,50.5,7.1,147,12.1,4,11,25.1,5,2.707,0.141,10.5,0.533,1.64,0.084,0.0539913671433114,0.00539913671433114,0.0361502366487321,0.0135530658321565,0.728725723415274,0.130666726426272,1.50839291476104,0.0908720430394065,0.946525728147791,0.0511252739692996,3.18364436632411,0.167168523471227,3.27378597011615,0.167803907911171
"4377","fsp","fine",0,0.09,0.02,0,50.5,7.1,147,15.2,4,11,21,5,2.6,0.134,10.01,0.507,1.65,0.085,0.0416129063866928,0.00416129063866928,0.0361502366487321,0.0135530658321565,0.729845397066302,0.131410648595273,1.55333156182815,0.0964619684740919,0.955568016782314,0.0529312676790792,3.23874497567677,0.171392499906622,3.31650811871219,0.171977879267863
"4372","fsp","fine",0,0.09,0.02,0,50.5,7.1,147,19.2,4,11,30.9,5,2.798,0.143,10.47,0.528,1.54,0.08,0.0308898369669202,0.00308898369669202,0.0361502366487321,0.0135530658321565,0.695548401784976,0.123998762641405,1.38071407221071,0.0802746764947319,0.888228151391005,0.0463159540228469,2.96449062538669,0.154805957314245,3.03153069900235,0.155428799885057
"4455","fsp","fine",0,0.09,0.02,0,50.5,7.1,147,23,4,11,35,5,6.767,0.34,12.92,0.65,1.69,0.085,0.0240208061442514,0.00240208061442514,0.0361502366487321,0.0135530658321565,1.21351973762656,0.226703285509547,1.85711371381392,0.101088697389306,1.28675096497498,0.0652287711102916,4.35738441641546,0.256647807279253,4.41755545920845,0.257016638694808
"4370","fsp","fine",0,0.09,0.02,0,50.5,7.1,147,27,4,11,24,5,2.51,0.13,9.43,0.48,1.75,0.09,0.0189272171766118,0.00189272171766118,0.0361502366487321,0.0135530658321565,0.672805701597656,0.120776969836943,1.54802243939512,0.0951258867208347,0.919716551507538,0.0501064315980892,3.14054469250032,0.161699305053896,3.19562214632566,0.162277334350378
"4456","fsp","fine",0,0.09,0.02,0,50.5,7.1,147,29.9,4,11,34,5,2.384,0.124,9.94,0.503,1.53,0.079,0.0161482446323497,0.00161482446323497,0.0361502366487321,0.0135530658321565,0.607650508539983,0.108169072388631,1.28583787884013,0.0741252939660441,0.812077832228308,0.0418222734805173,2.70556621960842,0.137637967095015,2.7578647008895,0.138313062425594
"4457","fsp","fine",0,0.09,0.02,0,50.5,7.1,147,31.3,4,11,34.4,5,2.632,0.137,10.87,0.551,1.62,0.083,0.0150114953839359,0.00150114953839359,0.0361502366487321,0.0135530658321565,0.664825181050998,0.11829766080157,1.37403737910288,0.078579826791686,0.877615072980117,0.0450582096687333,2.916477633134,0.148994523349975,2.96763936516667,0.149617201657008
"4375","fsp","fine",0,0.09,0.02,0,50.5,7.1,147,33,4,11,29.8,5,2.482,0.127,10.06,0.507,1.56,0.079,0.0137783150343498,0.00137783150343498,0.0361502366487321,0.0135530658321565,0.650342307968988,0.116074774808949,1.36509057593383,0.079827322675518,0.859180724330457,0.0450618010137857,2.87461360823327,0.147906459301463,2.92454215991636,0.148532503904694
"4369","fsp","fine",0,0.09,0.02,0,50.5,7.1,147,38.3,4,11,26.9,5,2.706,0.141,9.79,0.496,1.56,0.081,0.0107404942658048,0.00107404942658048,0.0361502366487321,0.0135530658321565,0.689644828856831,0.123493233105169,1.42074393308706,0.0849319928790453,0.890145715029158,0.0475585525309845,3.00053447697305,0.157244516457701,3.04742520788759,0.157831166540825
"4459","fsp","fine",0,0.09,0.02,0,50.5,7.1,147,40,4,11,25.1,5,2.762,0.14,10.56,0.531,1.6,0.081,0.00996709620886012,0.000996709620886012,0.0361502366487321,0.0135530658321565,0.738041200316382,0.132240900348772,1.4913082397898,0.0891693897767512,0.945781641189917,0.0508477128714155,3.1751310812961,0.167404676465342,3.22124841415369,0.167955365278949
"4460","fsp","fine",0,0.09,0.02,0,50.5,7.1,147,43.1,4,11,30.6,5,2.539,0.13,10.79,0.544,1.8,0.092,0.00874651702978726,0.000874651702978726,0.0361502366487321,0.0135530658321565,0.676662325356451,0.120788977115424,1.51404889030781,0.0891744248534832,0.928575071913644,0.0486445305527627,3.11928628757791,0.157823779555676,3.16418304125643,0.158407057930797
"4373","fsp","fine",0,0.09,0.02,0,50.5,7.1,147,48.8,4,11,25.1,5,2.789,0.143,9.92,0.501,1.8,0.092,0.00699510807541663,0.000699510807541663,0.0361502366487321,0.0135530658321565,0.718642852978387,0.128896373234943,1.60275909536435,0.0971985757879493,0.963038393954002,0.0519061430360621,3.28444034229674,0.169576194830547,3.32758568702089,0.170118372793853
"4381","fsp","fine",0,0.09,0.02,0,50.5,7.1,147,52.1,4,11,23.7,5,2.906,0.148,10.32,0.519,1.81,0.091,0.00619957473005666,0.000619957473005666,0.0361502366487321,0.0135530658321565,0.759803664329768,0.136448944045402,1.65182970982973,0.100187461893963,1.00255144940087,0.0543143287034444,3.41418482356037,0.177780449302968,3.45653463493916,0.178297386674859
"4368","fsp","fine",0,0.09,0.02,0,50.5,7.1,147,60,4,11,28.3,5,3.003,0.158,11.64,0.594,1.74,0.092,0.00474452046018747,0.000474452046018747,0.0361502366487321,0.0135530658321565,0.780887429939979,0.139634819906461,1.57691011849782,0.0939400565233678,1.00578503273805,0.0535631885594844,3.36358258117585,0.176611529404459,3.40447733828477,0.17713142865335
"4379","fsp","fine",0,0.09,0.02,0,50.5,7.1,147,62.7,4,11,42.9,5,2.745,0.14,10.61,0.534,1.55,0.078,0.00435641197063585,0.000435641197063585,0.0361502366487321,0.0135530658321565,0.617784509185998,0.109170003012127,1.24860345413332,0.0676965926165568,0.80884719218836,0.0395608304740954,2.67523515550768,0.134409737435054,2.71574180412705,0.135092016396467
"4376","fsp","fine",0,0.09,0.02,0,50.5,7.1,147,65,4,11,42.6,5,2.841,0.146,12.1,0.612,2.04,0.104,0.00405973132521756,0.000405973132521756,0.0361502366487321,0.0135530658321565,0.674794903983908,0.119437268899738,1.54228511950958,0.0857318196082169,0.948564793624297,0.0467965050463543,3.16564481711779,0.15428907602328,3.20585478509174,0.154883728608762
"4366","fsp","fine",0,0.09,0.02,0,50.5,7.1,147,69,4,11,42.5,5,8.222,0.414,21.39,1.074,3.39,0.171,0.00360688849027277,0.000360688849027277,0.0361502366487321,0.0135530658321565,1.54447591140584,0.277661893836804,2.91577382349676,0.156352112904409,1.88272185921186,0.0914712031292299,6.34297159411445,0.331525400988556,6.38272871925346,0.331802512333043
"4382","fsp","fine",0,0.09,0.02,0,50.5,7.1,147,69,4,11,62.5,5,2.572,0.132,10.45,0.527,1.82,0.093,0.00360688849027277,0.000360688849027277,0.0361502366487321,0.0135530658321565,0.503954263128484,0.0882628977847134,1.18160242688112,0.061014999085198,0.726908379562044,0.033021450065541,2.41246506957165,0.112265691122232,2.45222219471065,0.113081391453453
"4378","fsp","fine",0,0.09,0.02,0,50.5,7.1,147,70.1,4,11,24.9,5,3.174,0.161,10.81,0.544,2.09,0.105,0.00349467405502698,0.000349467405502698,0.0361502366487321,0.0135530658321565,0.802429497725291,0.144053393748274,1.84293672725166,0.111556719707456,1.08804402349166,0.0585407713174181,3.73341024846861,0.191372160641828,3.77305515917236,0.191851795898917
"4365","fsp","fine",0,0.09,0.02,0,50.5,7.1,147,72.2,4,11,24,5,2.782,0.143,12.83,0.648,2.7,0.136,0.0032934680989379,0.00032934680989379,0.0361502366487321,0.0135530658321565,0.831902047319531,0.149821670767241,2.23233023218934,0.1387538187125,1.25833118718593,0.0689017366497042,4.32256346669481,0.215514743236127,4.36200717144247,0.215940729402551
"LUM-2307","fsp","fine",0,0.09,0.02,0,50.5,7.1,147,1.5,4,11,20,10,3.471,0.176,11.12,0.56,1.94,0.099,0.175208919112652,0.0175208919112652,0.0361502366487321,0.0135530658321565,0.900530571425192,0.186076445887763,1.87815917044135,0.200092876960858,1.14620667752443,0.11192427471195,3.92489641939097,0.295277236499007,4.13625557515235,0.296106929404409
"LUM-2308","fsp","fine",0,0.09,0.02,0,50.5,7.1,147,4.3,4,11,20,10,4.107,0.21,13.88,0.701,1.83,0.094,0.121908881059722,0.0121908881059722,0.0361502366487321,0.0135530658321565,1.09292853239654,0.225549915983649,1.94037108428552,0.205669731892214,1.28984087947883,0.126015147018774,4.32314049616089,0.33023116221067,4.48119961386934,0.330733916980513
"LUM-2317","fsp","fine",0,0.09,0.02,0,50.5,7.1,147,6.6,4,11,20,10,3.65,0.184,12.73,0.639,1.81,0.091,0.0932141706147063,0.00932141706147063,0.0361502366487321,0.0135530658321565,0.986270947042067,0.203349909975185,1.85032398582677,0.19612469553893,1.19912133550489,0.117031977240311,4.03571626837373,0.305798243591965,4.16508067563717,0.306240330775382
"LUM-2318","fsp","fine",0,0.09,0.02,0,50.5,7.1,147,9.6,4,11,20,10,3.107,0.158,12.33,0.62,1.83,0.092,0.0681701251702199,0.00681701251702199,0.0361502366487321,0.0135530658321565,0.896183120876106,0.184666251474389,1.79212822895493,0.190489074933052,1.13808599348534,0.111197939526778,3.82639734331638,0.287667679549603,3.93071770513533,0.288067441948168
"LUM-2310","fsp","fine",0,0.09,0.02,0,50.5,7.1,147,12.6,4,11,25,10,3.691,0.189,13.34,0.673,1.72,0.088,0.0516667945407822,0.00516667945407823,0.0361502366487321,0.0135530658321565,0.959689194907909,0.194518079074384,1.724434419449,0.175062797314992,1.15483564202335,0.108351970451237,3.83895925638025,0.283239149114673,3.92677628756977,0.283610288532055
"LUM-2311","fsp","fine",0,0.09,0.02,0,50.5,7.1,147,13.8,4,11,25,10,3.306,0.168,12.17,0.613,1.76,0.089,0.0466391856765893,0.00466391856765893,0.0361502366487321,0.0135530658321565,0.867524903611773,0.175781067424201,1.68266132082016,0.171136385281386,1.08531968871595,0.101771630571365,3.63550591314789,0.265601413439622,3.71829533547321,0.265987872939691
"LUM-2309","fsp","fine",0,0.09,0.02,0,50.5,7.1,147,17.8,4,11,25,10,3.141,0.161,10.57,0.536,1.56,0.081,0.0341384272315795,0.00341384272315795,0.0361502366487321,0.0135530658321565,0.788646066427227,0.160064349441011,1.51003791106356,0.153886013986824,0.972193618677043,0.0912280945213938,3.27087759616783,0.240050133290385,3.34116626004814,0.240456662224861
"LUM-2312","fsp","fine",0,0.09,0.02,0,50.5,7.1,147,22.4,4,11,30,10,2.584,0.134,10.3,0.523,1.34,0.07,0.0249497955435013,0.00249497955435013,0.0361502366487321,0.0135530658321565,0.669772769940776,0.133765730934184,1.25013315593319,0.122363472283415,0.833869746646796,0.075425173933961,2.75377567252076,0.196354391304546,2.814875704713,0.196837388473344
"LUM-2313","fsp","fine",0,0.09,0.02,0,50.5,7.1,147,27.7,4,11,25,10,1.838,0.098,7.82,0.399,1.21,0.064,0.0181974246336072,0.00181974246336072,0.0361502366487321,0.0135530658321565,0.520089593767364,0.105553409367542,1.09804263833624,0.112753001100635,0.687850894941634,0.0647797298006514,2.30598312704524,0.167484849700972,2.36033078832758,0.168042173085927
"LUM-2314","fsp","fine",0,0.09,0.02,0,50.5,7.1,147,35.3,4,11,30,10,2.706,0.144,9.29,0.477,1.49,0.077,0.0123273297949371,0.00123273297949371,0.0361502366487321,0.0135530658321565,0.650532484183578,0.130150583818985,1.33023745033783,0.130556141267127,0.835753949329359,0.0755812170179905,2.81652388385076,0.199240058364038,2.86500145029443,0.199704296601136
"LUM-2315","fsp","fine",0,0.09,0.02,0,50.5,7.1,147,52.4,4,11,25,10,2.983,0.153,10.54,0.532,1.85,0.095,0.0061336406017069,0.00061336406017069,0.0361502366487321,0.0135530658321565,0.766959275257364,0.155505838594487,1.66866316241412,0.170779189201976,1.01369914396887,0.0951481210269057,3.44932158164036,0.24980144562514,3.4916054588908,0.25016959056874
"LUM-2316","fsp","fine",0,0.09,0.02,0,50.5,7.1,147,53.2,4,11,25,10,3.157,0.161,10.56,0.533,1.92,0.097,0.00596253823799173,0.000596253823799173,0.0361502366487321,0.0135530658321565,0.790374832434,0.160413972881039,1.7307130471675,0.176806906241501,1.04319424124514,0.0978233065544707,3.56428212084664,0.257997527304856,3.60639489573336,0.258353953342102
"4371","qz","fine",0,0.04,0.01,0,50.5,7.1,147,1.8,4,11,22.1,5,2.841,0.148,12.13,0.613,1.9,0.097,0.168227717303532,0.0168227717303532,0,0,0.369664125687383,0.0730264237102328,1.76494593274313,0.108639239197014,1.09885202166238,0.0605312802894266,3.23346208009289,0.144219897194144,3.40168979739643,0.145197742390786
"4374","qz","fine",0,0.04,0.01,0,50.5,7.1,147,3,4,11,18.6,5,3.073,0.157,12.6,0.634,1.95,0.1,0.143572679930131,0.0143572679930131,0,0,0.407348593707584,0.0806463643037727,1.89729996620595,0.119222418920111,1.18538282564932,0.0666293876557238,3.49003138556285,0.158610518402646,3.63360406549298,0.159258995639741
"4451","qz","fine",0,0.04,0.01,0,50.5,7.1,147,5,4,11,18.6,5,2.97,0.152,11.88,0.598,1.93,0.099,0.112032351819187,0.0112032351819187,0,0,0.388596719237686,0.0769101334053756,1.85660311151186,0.116972224722918,1.14318669350847,0.0642572896745104,3.38838652425801,0.15403463653794,3.5004188760772,0.15444151557116
"4452","qz","fine",0,0.04,0.01,0,50.5,7.1,147,5.4,4,11,20,5,2.854,0.147,11.36,0.574,1.89,0.097,0.10687150414422,0.010687150414422,0,0,0.366443398496923,0.0724317999310938,1.78051801079064,0.111378355899775,1.08926319218241,0.0607335052505488,3.23622460146998,0.146082382456658,3.34309610561419,0.146472788080905
"4380","qz","fine",0,0.04,0.01,0,50.5,7.1,147,8.7,4,11,36.3,5,2.989,0.151,12.06,0.605,1.87,0.094,0.0745749562418158,0.00745749562418158,0,0,0.325330528794756,0.0634845532529441,1.54628013169502,0.0871049315268298,0.977056626727589,0.0493678583984744,2.84866728721736,0.118552701533417,2.92324224345918,0.118787024888479
"4453","qz","fine",0,0.04,0.01,0,50.5,7.1,147,9.2,4,11,22.1,5,3.184,0.163,11.66,0.59,1.75,0.09,0.0709169359069078,0.00709169359069078,0,0,0.382467938248967,0.0754402669270108,1.6997082245152,0.103786837877256,1.08149527932649,0.0593427847563606,3.16367144209066,0.141366572050178,3.23458837799756,0.141544338675916
"4367","qz","fine",0,0.04,0.01,0,50.5,7.1,147,11,4,11,21.3,5,2.571,0.132,9.65,0.488,1.62,0.083,0.0596580034170201,0.00596580034170201,0,0,0.31554071797859,0.0622782383998506,1.51885748491792,0.0939980138242735,0.930367068441126,0.0513663448650047,2.76476527133763,0.123906040877302,2.82442327475465,0.124049577748595
"4454","qz","fine",0,0.04,0.01,0,50.5,7.1,147,12.1,4,11,25.1,5,2.707,0.141,10.5,0.533,1.64,0.084,0.0539913671433114,0.00539913671433114,0,0,0.323878099295677,0.0637281902005716,1.50839291476104,0.0908720430394065,0.946525728147791,0.0511252739692996,2.77879674220451,0.122199852990222,2.83278810934782,0.122319069437647
"4377","qz","fine",0,0.04,0.01,0,50.5,7.1,147,15.2,4,11,21,5,2.6,0.134,10.01,0.507,1.65,0.085,0.0416129063866928,0.00416129063866928,0,0,0.324375732029468,0.0640449638228315,1.55333156182815,0.0964619684740919,0.955568016782314,0.0529312676790792,2.83327531063993,0.127312166940473,2.87488821702663,0.127380156189488
"4372","qz","fine",0,0.04,0.01,0,50.5,7.1,147,19.2,4,11,30.9,5,2.798,0.143,10.47,0.528,1.54,0.08,0.0308898369669202,0.00308898369669202,0,0,0.309132623015545,0.0605314696594711,1.38071407221071,0.0802746764947319,0.888228151391005,0.0463159540228469,2.57807484661726,0.110694399598696,2.60896468358418,0.110737491044335
"4455","qz","fine",0,0.04,0.01,0,50.5,7.1,147,23,4,11,35,5,6.767,0.34,12.92,0.65,1.69,0.085,0.0240208061442514,0.00240208061442514,0,0,0.539342105611803,0.110658392279665,1.85711371381392,0.101088697389306,1.28675096497498,0.0652287711102916,3.68320678440071,0.163459466236574,3.70722759054496,0.163477114892648
"4370","qz","fine",0,0.04,0.01,0,50.5,7.1,147,27,4,11,24,5,2.51,0.13,9.43,0.48,1.75,0.09,0.0189272171766118,0.00189272171766118,0,0,0.299024756265625,0.0588896662599915,1.54802243939512,0.0951258867208347,0.919716551507538,0.0501064315980892,2.76676374716828,0.122587036851913,2.7856909643449,0.122601647622015
"4456","qz","fine",0,0.04,0.01,0,50.5,7.1,147,29.9,4,11,34,5,2.384,0.124,9.94,0.503,1.53,0.079,0.0161482446323497,0.00161482446323497,0,0,0.270066892684437,0.0528373669433454,1.28583787884013,0.0741252939660441,0.812077832228308,0.0418222734805173,2.36798260375287,0.100177088748562,2.38413084838522,0.100190103144894
"4457","qz","fine",0,0.04,0.01,0,50.5,7.1,147,31.3,4,11,34.4,5,2.632,0.137,10.87,0.551,1.62,0.083,0.0150114953839359,0.00150114953839359,0,0,0.295477858244888,0.0577859376536985,1.37403737910288,0.078579826791686,0.877615072980117,0.0450582096687333,2.54713031032789,0.107444153064185,2.56214180571182,0.107454639162842
"4375","qz","fine",0,0.04,0.01,0,50.5,7.1,147,33,4,11,29.8,5,2.482,0.127,10.06,0.507,1.56,0.079,0.0137783150343498,0.00137783150343498,0,0,0.289041025763995,0.0566650694079206,1.36509057593383,0.079827322675518,0.859180724330457,0.0450618010137857,2.51331232602828,0.107767794109148,2.52709064106263,0.107776601666612
"4369","qz","fine",0,0.04,0.01,0,50.5,7.1,147,38.3,4,11,26.9,5,2.706,0.141,9.79,0.496,1.56,0.081,0.0107404942658048,0.00107404942658048,0,0,0.306508812825258,0.0602381465537302,1.42074393308706,0.0849319928790453,0.890145715029158,0.0475585525309845,2.61739846094148,0.114472239575704,2.62813895520729,0.114477278163171
"4459","qz","fine",0,0.04,0.01,0,50.5,7.1,147,40,4,11,25.1,5,2.762,0.14,10.56,0.531,1.6,0.081,0.00996709620886012,0.000996709620886012,0,0,0.328018311251725,0.0645016673251912,1.4913082397898,0.0891693897767512,0.945781641189917,0.0508477128714155,2.76510819223144,0.121231741161883,2.7750752884403,0.121235838328483
"4460","qz","fine",0,0.04,0.01,0,50.5,7.1,147,43.1,4,11,30.6,5,2.539,0.13,10.79,0.544,1.8,0.092,0.00874651702978726,0.000874651702978726,0,0,0.300738811269534,0.0589806082641709,1.51404889030781,0.0891744248534832,0.928575071913644,0.0486445305527627,2.74336277349099,0.117460974590967,2.75210929052078,0.11746423101294
"4373","qz","fine",0,0.04,0.01,0,50.5,7.1,147,48.8,4,11,25.1,5,2.789,0.143,9.92,0.501,1.8,0.092,0.00699510807541663,0.000699510807541663,0,0,0.31939682354595,0.0628569424824236,1.60275909536435,0.0971985757879493,0.963038393954002,0.0519061430360621,2.8851943128643,0.126857424056791,2.89218942093972,0.126859352645733
"4381","qz","fine",0,0.04,0.01,0,50.5,7.1,147,52.1,4,11,23.7,5,2.906,0.148,10.32,0.519,1.81,0.091,0.00619957473005666,0.000619957473005666,0,0,0.337690517479897,0.0665260664221437,1.65182970982973,0.100187461893963,1.00255144940087,0.0543143287034444,2.9920716767105,0.131959430647694,2.99827125144056,0.13196088694811
"4368","qz","fine",0,0.04,0.01,0,50.5,7.1,147,60,4,11,28.3,5,3.003,0.158,11.64,0.594,1.74,0.092,0.00474452046018747,0.000474452046018747,0,0,0.347061079973324,0.0681338128153976,1.57691011849782,0.0939400565233678,1.00578503273805,0.0535631885594844,2.92975623120919,0.127812228824303,2.93450075166938,0.127813109428493
"4379","qz","fine",0,0.04,0.01,0,50.5,7.1,147,62.7,4,11,42.9,5,2.745,0.14,10.61,0.534,1.55,0.078,0.00435641197063585,0.000435641197063585,0,0,0.274570892971555,0.0533768645216572,1.24860345413332,0.0676965926165568,0.80884719218836,0.0395608304740954,2.33202153929324,0.0948523991570878,2.33637795126387,0.0948533995653718
"4376","qz","fine",0,0.04,0.01,0,50.5,7.1,147,65,4,11,42.6,5,2.841,0.146,12.1,0.612,2.04,0.104,0.00405973132521756,0.000405973132521756,0,0,0.29990884621507,0.0584070382208587,1.54228511950958,0.0857318196082169,0.948564793624297,0.0467965050463543,2.79075875934895,0.113803514408045,2.79481849067417,0.113804238523029
"4366","qz","fine",0,0.04,0.01,0,50.5,7.1,147,69,4,11,42.5,5,8.222,0.414,21.39,1.074,3.39,0.171,0.00360688849027277,0.000360688849027277,0,0,0.686433738402595,0.135663821119538,2.91577382349676,0.156352112904409,1.88272185921186,0.0914712031292299,5.48492942111121,0.226313138311358,5.48853630960148,0.226313425736922
"4382","qz","fine",0,0.04,0.01,0,50.5,7.1,147,69,4,11,62.5,5,2.572,0.132,10.45,0.527,1.82,0.093,0.00360688849027277,0.000360688849027277,0,0,0.223979672501548,0.0432302585721465,1.18160242688112,0.061014999085198,0.726908379562044,0.033021450065541,2.13249047894471,0.0817441223208885,2.13609736743498,0.0817449180711449
"4378","qz","fine",0,0.04,0.01,0,50.5,7.1,147,70.1,4,11,24.9,5,3.174,0.161,10.81,0.544,2.09,0.105,0.00349467405502698,0.000349467405502698,0,0,0.356635332322352,0.0702434277741376,1.84293672725166,0.111556719707456,1.08804402349166,0.0585407713174181,3.28761608306567,0.144243068338782,3.29111075712069,0.144243491677282
"4365","qz","fine",0,0.04,0.01,0,50.5,7.1,147,72.2,4,11,24,5,2.782,0.143,12.83,0.648,2.7,0.136,0.0032934680989379,0.00032934680989379,0,0,0.369734243253125,0.0730953480556011,2.23233023218934,0.1387538187125,1.25833118718593,0.0689017366497042,3.8603956626284,0.171297990145874,3.86368913072734,0.171298306755604
"LUM-2307","qz","fine",0,0.04,0.01,0,50.5,7.1,147,1.5,4,11,20,10,3.471,0.176,11.12,0.56,1.94,0.099,0.175208919112652,0.0175208919112652,0,0,0.400235809522308,0.0888497163850579,1.87815917044135,0.200092876960858,1.14620667752443,0.11192427471195,3.42460165748808,0.245883051026243,3.59981057660074,0.246506503839839
"LUM-2308","qz","fine",0,0.04,0.01,0,50.5,7.1,147,4.3,4,11,20,10,4.107,0.21,13.88,0.701,1.83,0.094,0.121908881059722,0.0121908881059722,0,0,0.485746014398462,0.107696630811545,1.94037108428552,0.205669731892214,1.28984087947883,0.126015147018774,3.71595797816281,0.264156052709259,3.83786685922253,0.264437209816904
"LUM-2317","qz","fine",0,0.04,0.01,0,50.5,7.1,147,6.6,4,11,20,10,3.65,0.184,12.73,0.639,1.81,0.091,0.0932141706147063,0.00932141706147063,0,0,0.438342643129808,0.0971025775972596,1.85032398582677,0.19612469553893,1.19912133550489,0.117031977240311,3.48778796446147,0.248173911749496,3.58100213507617,0.24834890635773
"LUM-2318","qz","fine",0,0.04,0.01,0,50.5,7.1,147,9.6,4,11,20,10,3.107,0.158,12.33,0.62,1.83,0.092,0.0681701251702199,0.00681701251702199,0,0,0.398303609278269,0.0881962202718412,1.79212822895493,0.190489074933052,1.13808599348534,0.111197939526778,3.32851783171854,0.237549242672104,3.39668795688876,0.237647037334252
"LUM-2310","qz","fine",0,0.04,0.01,0,50.5,7.1,147,12.6,4,11,25,10,3.691,0.189,13.34,0.673,1.72,0.088,0.0516667945407822,0.00516667945407823,0,0,0.426528531070182,0.0930979954005504,1.724434419449,0.175062797314992,1.15483564202335,0.108351970451237,3.30579859254253,0.225952139295065,3.35746538708331,0.226011202882949
"LUM-2311","qz","fine",0,0.04,0.01,0,50.5,7.1,147,13.8,4,11,25,10,3.306,0.168,12.17,0.613,1.76,0.089,0.0466391856765893,0.00466391856765893,0,0,0.385566623827454,0.0841341392518285,1.68266132082016,0.171136385281386,1.08531968871595,0.101771630571365,3.15354763336357,0.216156611150294,3.20018681904016,0.216206920981696
"LUM-2309","qz","fine",0,0.04,0.01,0,50.5,7.1,147,17.8,4,11,25,10,3.141,0.161,10.57,0.536,1.56,0.081,0.0341384272315795,0.00341384272315795,0,0,0.350509362856545,0.0766019942320451,1.51003791106356,0.153886013986824,0.972193618677043,0.0912280945213938,2.83274089259715,0.194605591006743,2.86687931982872,0.194635532144627
"LUM-2312","qz","fine",0,0.04,0.01,0,50.5,7.1,147,22.4,4,11,30,10,2.584,0.134,10.3,0.523,1.34,0.07,0.0249497955435013,0.00249497955435013,0,0,0.297676786640345,0.0641626591351012,1.25013315593319,0.122363472283415,0.833869746646796,0.075425173933961,2.38167968922033,0.157412270930539,2.40662948476383,0.157432042362685
"LUM-2313","qz","fine",0,0.04,0.01,0,50.5,7.1,147,27.7,4,11,25,10,1.838,0.098,7.82,0.399,1.21,0.064,0.0181974246336072,0.00181974246336072,0,0,0.231150930563273,0.0505307607205669,1.09804263833624,0.112753001100635,0.687850894941634,0.0647797298006514,2.01704446384115,0.139509893660788,2.03524188847476,0.139521761355988
"LUM-2314","qz","fine",0,0.04,0.01,0,50.5,7.1,147,35.3,4,11,30,10,2.706,0.144,9.29,0.477,1.49,0.077,0.0123273297949371,0.00123273297949371,0,0,0.289125548526034,0.0624078172796776,1.33023745033783,0.130556141267127,0.835753949329359,0.0755812170179905,2.45511694819322,0.1632548989957,2.46744427798816,0.163259553094742
"LUM-2315","qz","fine",0,0.04,0.01,0,50.5,7.1,147,52.4,4,11,25,10,2.983,0.153,10.54,0.532,1.85,0.095,0.0061336406017069,0.00061336406017069,0,0,0.340870789003273,0.0744240409805323,1.66866316241412,0.170779189201976,1.01369914396887,0.0951481210269057,3.02323309538627,0.209183255245985,3.02936673598797,0.209184154492584
"LUM-2316","qz","fine",0,0.04,0.01,0,50.5,7.1,147,53.2,4,11,25,10,3.157,0.161,10.56,0.533,1.92,0.097,0.00596253823799173,0.000596253823799173,0,0,0.351277703304,0.0767706842772566,1.7307130471675,0.176806906241501,1.04319424124514,0.0978233065544707,3.12518499171664,0.216156932260659,3.13114752995463,0.216157754621391
"4371","fsp","coarse",0,0.09,0.02,0,50.5,7.1,147,1.8,150,200,22.1,5,2.841,0.148,12.13,0.613,1.9,0.097,0.168227717303532,0.0168227717303532,0.728695676001197,0.0982858808482583,0.0975741380177141,0.0193286629608868,1.61200005715942,0.100579746985077,1.09885202166238,0.0605312802894266,2.80842621683952,0.118970242535328,3.70534961014424,0.155232208744591
"4374","fsp","coarse",0,0.09,0.02,0,50.5,7.1,147,3,150,200,18.6,5,3.073,0.157,12.6,0.634,1.95,0.1,0.143572679930131,0.0143572679930131,0.728695676001197,0.0982858808482583,0.107426619459836,0.0212923873421782,1.73208922315837,0.110260251441778,1.18538282564932,0.0666293876557238,3.02489866826752,0.130576276965267,3.89716702419885,0.164062212664743
"4451","fsp","coarse",0,0.09,0.02,0,50.5,7.1,147,5,150,200,18.6,5,2.97,0.152,11.88,0.598,1.93,0.099,0.112032351819187,0.0112032351819187,0.728695676001197,0.0982858808482583,0.102426143037299,0.0202746476284346,1.69625904526341,0.108269418506142,1.14318669350847,0.0642572896745104,2.94187188180918,0.127523831484273,3.78259990962956,0.161393786897416
"4452","fsp","coarse",0,0.09,0.02,0,50.5,7.1,147,5.4,150,200,20,5,2.854,0.147,11.36,0.574,1.89,0.097,0.10687150414422,0.010687150414422,0.728695676001197,0.0982858808482583,0.0965766298873775,0.0190881642242907,1.62742599170506,0.103161303581565,1.08926319218241,0.0607335052505488,2.81326581377485,0.121223641382858,3.64883299392027,0.156427301927184
"4380","fsp","coarse",0,0.09,0.02,0,50.5,7.1,147,8.7,150,200,36.3,5,2.989,0.151,12.06,0.605,1.87,0.094,0.0745749562418158,0.00745749562418158,0.728695676001197,0.0982858808482583,0.0857666502942573,0.0167449557169573,1.41155609140157,0.0807689749144775,0.977056626727589,0.0493678583984744,2.47437936842342,0.0961311931349558,3.27765000066643,0.13768418539779
"4453","fsp","coarse",0,0.09,0.02,0,50.5,7.1,147,9.2,150,200,22.1,5,3.184,0.163,11.66,0.59,1.75,0.09,0.0709169359069078,0.00709169359069078,0.728695676001197,0.0982858808482583,0.100616537207193,0.0197765063966639,1.54974557989847,0.0958873168525262,1.08149527932649,0.0593427847563606,2.73185739643215,0.114486042123369,3.53147000834026,0.151054494581181
"4367","fsp","coarse",0,0.09,0.02,0,50.5,7.1,147,11,150,200,21.3,5,2.571,0.132,9.65,0.488,1.62,0.083,0.0596580034170201,0.00596580034170201,0.728695676001197,0.0982858808482583,0.0830546182471293,0.016351713149526,1.38801500065095,0.0870564887360211,0.930367068441126,0.0513663448650047,2.40143668733921,0.102394883362207,3.18979036675743,0.142057795585441
"4454","fsp","coarse",0,0.09,0.02,0,50.5,7.1,147,12.1,150,200,25.1,5,2.707,0.141,10.5,0.533,1.64,0.084,0.0539913671433114,0.00539913671433114,0.728695676001197,0.0982858808482583,0.0853103805361732,0.0167669072598517,1.37684398297837,0.0841038902679782,0.946525728147791,0.0511252739692996,2.40868009166233,0.0998418107593434,3.19136713480684,0.140205749622056
"4377","fsp","coarse",0,0.09,0.02,0,50.5,7.1,147,15.2,150,200,21,5,2.6,0.134,10.01,0.507,1.65,0.085,0.0416129063866928,0.00416129063866928,0.728695676001197,0.0982858808482583,0.0854275389948252,0.0168426442724311,1.41924910787116,0.0893217289309463,0.955568016782314,0.0529312676790792,2.4602446636483,0.105184433370226,3.23055324603619,0.1440180396246
"4372","fsp","coarse",0,0.09,0.02,0,50.5,7.1,147,19.2,150,200,30.9,5,2.798,0.143,10.47,0.528,1.54,0.08,0.0308898369669202,0.00308898369669202,0.728695676001197,0.0982858808482583,0.0813624870793117,0.0158893722749022,1.25856739419617,0.0742588639048516,0.888228151391005,0.0463159540228469,2.22815803266648,0.0889495284797856,2.9877435456346,0.132595907972956
"4455","fsp","coarse",0,0.09,0.02,0,50.5,7.1,147,23,150,200,35,5,6.767,0.34,12.92,0.65,1.69,0.085,0.0240208061442514,0.00240208061442514,0.728695676001197,0.0982858808482583,0.139930240374305,0.0279166683222191,1.68087429704951,0.092578917686953,1.28675096497498,0.0652287711102916,3.1075555023988,0.116640425885965,3.86027198454425,0.152547937764676
"4370","fsp","coarse",0,0.09,0.02,0,50.5,7.1,147,27,150,200,24,5,2.51,0.13,9.43,0.48,1.75,0.09,0.0189272171766118,0.00189272171766118,0.728695676001197,0.0982858808482583,0.0787090274748652,0.0154627366048675,1.41727521331976,0.0883181030043216,0.919716551507538,0.0501064315980892,2.41570079230216,0.102712404455779,3.16332368547997,0.142174311317854
"4456","fsp","coarse",0,0.09,0.02,0,50.5,7.1,147,29.9,150,200,34,5,2.384,0.124,9.94,0.503,1.53,0.079,0.0161482446323497,0.00161482446323497,0.728695676001197,0.0982858808482583,0.071248397010375,0.0139650703269195,1.17386090221164,0.0687261757390438,0.812077832228308,0.0418222734805173,2.05718713145032,0.0816542281821886,2.80203105208387,0.127789416667399
"4457","fsp","coarse",0,0.09,0.02,0,50.5,7.1,147,31.3,150,200,34.4,5,2.632,0.137,10.87,0.551,1.62,0.083,0.0150114953839359,0.00150114953839359,0.728695676001197,0.0982858808482583,0.0779361257360661,0.0152638950836968,1.25352968685532,0.0727979131354832,0.877615072980117,0.0450582096687333,2.2090808855715,0.086964158758416,2.95278805695663,0.131244553154078
"4375","fsp","coarse",0,0.09,0.02,0,50.5,7.1,147,33,150,200,29.8,5,2.482,0.127,10.06,0.507,1.56,0.079,0.0137783150343498,0.00137783150343498,0.728695676001197,0.0982858808482583,0.076207219950857,0.0149502835181891,1.24618769787771,0.0739497115459185,0.859180724330457,0.0450618010137857,2.18157564215903,0.0878785339295372,2.92404963319457,0.131850860897359
"4369","fsp","coarse",0,0.09,0.02,0,50.5,7.1,147,38.3,150,200,26.9,5,2.706,0.141,9.79,0.496,1.56,0.081,0.0107404942658048,0.00107404942658048,0.728695676001197,0.0982858808482583,0.0806124187414081,0.0157782152303444,1.29678745794388,0.0786268654510659,0.890145715029158,0.0475585525309845,2.26754559171445,0.093236001444493,3.00698176198145,0.135477746961065
"4459","fsp","coarse",0,0.09,0.02,0,50.5,7.1,147,40,150,200,25.1,5,2.762,0.14,10.56,0.531,1.6,0.081,0.00996709620886012,0.000996709620886012,0.728695676001197,0.0982858808482583,0.0863737246242515,0.0169552654011903,1.36033718769761,0.0824617409341299,0.945781641189917,0.0508477128714155,2.39249255351178,0.0983509514288819,3.13115532572184,0.139046817479411
"4460","fsp","coarse",0,0.09,0.02,0,50.5,7.1,147,43.1,150,200,30.6,5,2.539,0.13,10.79,0.544,1.8,0.092,0.00874651702978726,0.000874651702978726,0.728695676001197,0.0982858808482583,0.0793730149379322,0.0156074034916015,1.38445260097144,0.0827828960702318,0.928575071913644,0.0486445305527627,2.39240068782302,0.0972773831793553,3.129842880854,0.138288714897285
"4373","fsp","coarse",0,0.09,0.02,0,50.5,7.1,147,48.8,150,200,25.1,5,2.789,0.143,9.92,0.501,1.8,0.092,0.00699510807541663,0.000699510807541663,0.728695676001197,0.0982858808482583,0.0839706991914244,0.0164466855649996,1.46630738688146,0.0901781681988653,0.963038393954002,0.0519061430360621,2.51331648002689,0.105341554814123,3.2490072641035,0.144074449019057
"4381","fsp","coarse",0,0.09,0.02,0,50.5,7.1,147,52.1,150,200,23.7,5,2.906,0.148,10.32,0.519,1.81,0.091,0.00619957473005666,0.000619957473005666,0.728695676001197,0.0982858808482583,0.0887771451846154,0.0174052128342948,1.51024681466939,0.0928545417129632,1.00255144940087,0.0543143287034444,2.60157540925488,0.10897226093386,3.33647065998613,0.14674962478461
"4368","fsp","coarse",0,0.09,0.02,0,50.5,7.1,147,60,150,200,28.3,5,3.003,0.158,11.64,0.594,1.74,0.092,0.00474452046018747,0.000474452046018747,0.728695676001197,0.0982858808482583,0.091415447001091,0.0179250182946851,1.43816293253921,0.0869273495707545,1.00578503273805,0.0535631885594844,2.53536341227835,0.103666221851285,3.26880360873974,0.142853158984258
"4379","fsp","coarse",0,0.09,0.02,0,50.5,7.1,147,62.7,150,200,42.9,5,2.745,0.14,10.61,0.534,1.55,0.078,0.00435641197063585,0.000435641197063585,0.728695676001197,0.0982858808482583,0.0723171713238288,0.014040136358115,1.13821412885013,0.0627269407957725,0.80884719218836,0.0395608304740954,2.01937849236232,0.0754775055122447,2.75243058033416,0.123924000886517
"4376","fsp","coarse",0,0.09,0.02,0,50.5,7.1,147,65,150,200,42.6,5,2.841,0.146,12.1,0.612,2.04,0.104,0.00405973132521756,0.000405973132521756,0.728695676001197,0.0982858808482583,0.0791577398277979,0.0154583324729397,1.41056649407572,0.0797479621516698,0.948564793624297,0.0467965050463543,2.43828902752782,0.0937475887409461,3.17104443485423,0.135826689509256
"4366","fsp","coarse",0,0.09,0.02,0,50.5,7.1,147,69,150,200,42.5,5,8.222,0.414,21.39,1.074,3.39,0.171,0.00360688849027277,0.000360688849027277,0.728695676001197,0.0982858808482583,0.179242616230015,0.0347946018046217,2.65516133777043,0.144569952482359,1.88272185921186,0.0914712031292299,4.7171258132123,0.174579828380608,5.44942837770377,0.20034560376501
"4382","fsp","coarse",0,0.09,0.02,0,50.5,7.1,147,69,150,200,62.5,5,2.572,0.132,10.45,0.527,1.82,0.093,0.00360688849027277,0.000360688849027277,0.728695676001197,0.0982858808482583,0.0590565499148593,0.01140768084642,1.08104949482363,0.0569273532009321,0.726908379562044,0.033021450065541,1.86701442430053,0.0667927757260354,2.599316988792,0.118833999174278
"4378","fsp","coarse",0,0.09,0.02,0,50.5,7.1,147,70.1,150,200,24.9,5,3.174,0.161,10.81,0.544,2.09,0.105,0.00349467405502698,0.000349467405502698,0.728695676001197,0.0982858808482583,0.0936718190160957,0.0183284950501917,1.68750519288871,0.103577062422473,1.08804402349166,0.0585407713174181,2.86922103539646,0.120379248615831,3.60141138545268,0.155407207036538
"4365","fsp","coarse",0,0.09,0.02,0,50.5,7.1,147,72.2,150,200,24,5,2.782,0.143,12.83,0.648,2.7,0.136,0.0032934680989379,0.00032934680989379,0.728695676001197,0.0982858808482583,0.0977551017312565,0.0194379746413932,2.05054484745895,0.129284569746683,1.25833118718593,0.0689017366497042,3.40663113637614,0.147782895309605,4.13862028047628,0.177482413183754
"LUM-2307","fsp","coarse",0,0.09,0.02,0,50.5,7.1,147,1.5,150,200,20,10,3.471,0.176,11.12,0.56,1.94,0.099,0.175208919112652,0.0175208919112652,0.728695676001197,0.0982858808482583,0.104983066207474,0.0231376465054503,1.71587827849959,0.183611000121072,1.14620667752443,0.11192427471195,2.9670680222315,0.216276196843452,3.87097261734535,0.238206820533233
"LUM-2308","fsp","coarse",0,0.09,0.02,0,50.5,7.1,147,4.3,150,200,20,10,4.107,0.21,13.88,0.701,1.83,0.094,0.121908881059722,0.0121908881059722,0.728695676001197,0.0982858808482583,0.1275617321894,0.0281281965030465,1.76377023614103,0.187715273390914,1.28984087947883,0.126015147018774,3.18117284780926,0.227833352652554,4.03177740487018,0.248428598812281
"LUM-2317","fsp","coarse",0,0.09,0.02,0,50.5,7.1,147,6.6,150,200,20,10,3.65,0.184,12.73,0.639,1.81,0.091,0.0932141706147063,0.00932141706147063,0.728695676001197,0.0982858808482583,0.115192496343015,0.0254055220365419,1.68477910116584,0.179320776658826,1.19912133550489,0.117031977240311,2.99909293301374,0.215633636495447,3.82100277962965,0.237160005857654
"LUM-2318","fsp","coarse",0,0.09,0.02,0,50.5,7.1,147,9.6,150,200,20,10,3.107,0.158,12.33,0.62,1.83,0.092,0.0681701251702199,0.00681701251702199,0.728695676001197,0.0982858808482583,0.104966566111993,0.0232393353857801,1.63444414292187,0.174486077768871,1.13808599348534,0.111197939526778,2.87749670251921,0.208207684294644,3.67436250369062,0.230341107562488
"LUM-2310","fsp","coarse",0,0.09,0.02,0,50.5,7.1,147,12.6,150,200,25,10,3.691,0.189,13.34,0.673,1.72,0.088,0.0516667945407822,0.00516667945407823,0.728695676001197,0.0982858808482583,0.112175334796482,0.0244031177764019,1.56743950068128,0.159838616698471,1.15483564202335,0.108351970451237,2.83445047750111,0.19463824147879,3.61481294804308,0.218107436821065
"LUM-2311","fsp","coarse",0,0.09,0.02,0,50.5,7.1,147,13.8,150,200,25,10,3.306,0.168,12.17,0.613,1.76,0.089,0.0466391856765893,0.00466391856765893,0.728695676001197,0.0982858808482583,0.10144327531916,0.0220763414288322,1.53314187335173,0.156654714593021,1.08531968871595,0.101771630571365,2.71990483738685,0.188110417691997,3.49523969906463,0.212290828239897
"LUM-2309","fsp","coarse",0,0.09,0.02,0,50.5,7.1,147,17.8,150,200,25,10,3.141,0.161,10.57,0.536,1.56,0.081,0.0341384272315795,0.00341384272315795,0.728695676001197,0.0982858808482583,0.0920386247454908,0.0199989008885727,1.37562889162883,0.140847314287855,0.972193618677043,0.0912280945213938,2.43986113505136,0.168998482859631,3.20269523828414,0.195530703228709
"LUM-2312","fsp","coarse",0,0.09,0.02,0,50.5,7.1,147,22.4,150,200,30,10,2.584,0.134,10.3,0.523,1.34,0.07,0.0249497955435013,0.00249497955435013,0.728695676001197,0.0982858808482583,0.0784555434394262,0.0169104891734647,1.1371887548389,0.111878997913412,0.833869746646796,0.075425173933961,2.04951404492512,0.135984674434892,2.80315951646982,0.167803965919337
"LUM-2313","fsp","coarse",0,0.09,0.02,0,50.5,7.1,147,27.7,150,200,25,10,1.838,0.098,7.82,0.399,1.21,0.064,0.0181974246336072,0.00181974246336072,0.728695676001197,0.0982858808482583,0.0610084425506856,0.0133650327530603,1.00263462594193,0.103482998877185,0.687850894941634,0.0647797298006514,1.75149396343425,0.122815994683719,2.49838706406905,0.157312410149048
"LUM-2314","fsp","coarse",0,0.09,0.02,0,50.5,7.1,147,35.3,150,200,30,10,2.706,0.144,9.29,0.477,1.49,0.077,0.0123273297949371,0.00123273297949371,0.728695676001197,0.0982858808482583,0.0759533630964187,0.0163088848966713,1.21392867272319,0.119758742724832,0.835753949329359,0.0755812170179905,2.12563598514897,0.142550540341053,2.8666589909451,0.173153950449427
"LUM-2315","fsp","coarse",0,0.09,0.02,0,50.5,7.1,147,52.4,150,200,25,10,2.983,0.153,10.54,0.532,1.85,0.095,0.0061336406017069,0.00061336406017069,0.728695676001197,0.0982858808482583,0.0896032991738358,0.0194834655475514,1.52561101201226,0.15691135336866,1.01369914396887,0.0951481210269057,2.62891345515497,0.184537105159579,3.36374277175787,0.209079969796884
"LUM-2316","fsp","coarse",0,0.09,0.02,0,50.5,7.1,147,53.2,150,200,25,10,3.157,0.161,10.56,0.533,1.92,0.097,0.00596253823799173,0.000596253823799173,0.728695676001197,0.0982858808482583,0.0922282113569325,0.0200361452978032,1.58281525341327,0.162482665297879,1.04319424124514,0.0978233065544707,2.71823770601534,0.19071303821697,3.45289592025453,0.21455053679422
"4371","qz","coarse",0,0.04,0.01,0,50.5,7.1,147,1.8,150,200,22.1,5,2.841,0.148,12.13,0.613,1.9,0.097,0.168227717303532,0.0168227717303532,0,0,0.0433662835634285,0.0092907566173425,1.60881287179611,0.100405844903847,1.09885202166238,0.0605312802894266,2.75103117702192,0.11760819590001,2.91925889432545,0.118805275099832
"4374","qz","coarse",0,0.04,0.01,0,50.5,7.1,147,3,150,200,18.6,5,3.073,0.157,12.6,0.634,1.95,0.1,0.143572679930131,0.0143572679930131,0,0,0.0477451642043716,0.0102305254576929,1.7286592161753,0.110067851567611,1.18538282564932,0.0666293876557238,2.96178720602899,0.129070023240205,3.10535988595912,0.129866092739599
"4451","qz","coarse",0,0.04,0.01,0,50.5,7.1,147,5,150,200,18.6,5,2.97,0.152,11.88,0.598,1.93,0.099,0.112032351819187,0.0112032351819187,0,0,0.0455227302387996,0.00974171397149526,1.69285610607115,0.108078757817014,1.14318669350847,0.0642572896745104,2.88156552981841,0.126114702389076,2.9935978816376,0.126611336922199
"4452","qz","coarse",0,0.04,0.01,0,50.5,7.1,147,5.4,150,200,20,5,2.854,0.147,11.36,0.574,1.89,0.097,0.10687150414422,0.010687150414422,0,0,0.0429229466166122,0.00917332182253596,1.62414331811911,0.102979413970412,1.08926319218241,0.0607335052505488,2.75632945691813,0.119906080725573,2.86320096106235,0.12038140794553
"4380","qz","coarse",0,0.04,0.01,0,50.5,7.1,147,8.7,150,200,36.3,5,2.989,0.151,12.06,0.605,1.87,0.094,0.0745749562418158,0.00745749562418158,0,0,0.0381185112418921,0.00806240801077752,1.40875485053051,0.0806330616521112,0.977056626727589,0.0493678583984744,2.42392998849999,0.0948887690782067,2.4985049447418,0.0951813675997667
"4453","qz","coarse",0,0.04,0.01,0,50.5,7.1,147,9.2,150,200,22.1,5,3.184,0.163,11.66,0.59,1.75,0.09,0.0709169359069078,0.00709169359069078,0,0,0.0447184609809748,0.00950793167764208,1.5466578898779,0.0957197301600289,1.08149527932649,0.0593427847563606,2.67287163018536,0.113023155191028,2.74378856609227,0.113245422544664
"4367","qz","coarse",0,0.04,0.01,0,50.5,7.1,147,11,150,200,21.3,5,2.571,0.132,9.65,0.488,1.62,0.083,0.0596580034170201,0.00596580034170201,0,0,0.0369131636653908,0.00786024773057399,1.38519368945537,0.0869024592169025,0.930367068441126,0.0513663448650047,2.35247392156189,0.101253752015034,2.41213192497891,0.10142935014501
"4454","qz","coarse",0,0.04,0.01,0,50.5,7.1,147,12.1,150,200,25.1,5,2.707,0.141,10.5,0.533,1.64,0.084,0.0539913671433114,0.00539913671433114,0,0,0.0379157246827437,0.00806313905042518,1.37409572541037,0.0839578366214751,0.946525728147791,0.0511252739692996,2.35853717824091,0.0986292359290122,2.41252854538422,0.0987769044726589
"4377","qz","coarse",0,0.04,0.01,0,50.5,7.1,147,15.2,150,200,21,5,2.6,0.134,10.01,0.507,1.65,0.085,0.0416129063866928,0.00416129063866928,0,0,0.0379677951088112,0.00809554920191365,1.41638223411315,0.0891640623199956,0.955568016782314,0.0529312676790792,2.40991804600428,0.104007148910058,2.45153095239097,0.104090361533518
"4372","qz","coarse",0,0.04,0.01,0,50.5,7.1,147,19.2,150,200,30.9,5,2.798,0.143,10.47,0.528,1.54,0.08,0.0308898369669202,0.00308898369669202,0,0,0.036161105368583,0.00764694718990768,1.25607678736996,0.0741311348373456,0.888228151391005,0.0463159540228469,2.18046604412955,0.0877443362881298,2.21135588109647,0.0877986923075899
"4455","qz","coarse",0,0.04,0.01,0,50.5,7.1,147,23,150,200,35,5,6.767,0.34,12.92,0.65,1.69,0.085,0.0240208061442514,0.00240208061442514,0,0,0.0621912179441355,0.0134604565965878,1.67727935642839,0.0924115521893688,1.28675096497498,0.0652287711102916,3.0262215393475,0.113911682677396,3.05024234549176,0.113937006462668
"4370","qz","coarse",0,0.04,0.01,0,50.5,7.1,147,27,150,200,24,5,2.51,0.13,9.43,0.48,1.75,0.09,0.0189272171766118,0.00189272171766118,0,0,0.034981789988829,0.00743528227149203,1.41433870553401,0.088160663431614,0.919716551507538,0.0501064315980892,2.36903704703037,0.101677138466093,2.38796426420698,0.101694753464245
"4456","qz","coarse",0,0.04,0.01,0,50.5,7.1,147,29.9,150,200,34,5,2.384,0.124,9.94,0.503,1.53,0.079,0.0161482446323497,0.00161482446323497,0,0,0.0316659542268333,0.00672169633602023,1.17154325833199,0.0686092319659956,0.812077832228308,0.0418222734805173,2.01528704478713,0.0806319444865163,2.03143528941948,0.0806481129954304
"4457","qz","coarse",0,0.04,0.01,0,50.5,7.1,147,31.3,150,200,34.4,5,2.632,0.137,10.87,0.551,1.62,0.083,0.0150114953839359,0.00150114953839359,0,0,0.0346382781049183,0.00734715190087315,1.25107000335121,0.0726749309641551,0.877615072980117,0.0450582096687333,2.16332335443625,0.0858246380140968,2.17833484982019,0.0858377652329519
"4375","qz","coarse",0,0.04,0.01,0,50.5,7.1,147,33,150,200,29.8,5,2.482,0.127,10.06,0.507,1.56,0.079,0.0137783150343498,0.00137783150343498,0,0,0.0338698755337142,0.00719343460124848,1.24371579509074,0.0738235237440942,0.859180724330457,0.0450618010137857,2.13676639495491,0.086788386722898,2.15054470998926,0.0867993230942221
"4369","qz","coarse",0,0.04,0.01,0,50.5,7.1,147,38.3,150,200,26.9,5,2.706,0.141,9.79,0.496,1.56,0.081,0.0107404942658048,0.00107404942658048,0,0,0.0358277416628481,0.00759003364701779,1.29416858991875,0.0784888418554095,0.890145715029158,0.0475585525309845,2.22014204661076,0.0920864964335638,2.23088254087657,0.0920927597999945
"4459","qz","coarse",0,0.04,0.01,0,50.5,7.1,147,40,150,200,25.1,5,2.762,0.14,10.56,0.531,1.6,0.081,0.00996709620886012,0.000996709620886012,0,0,0.0383883220552229,0.00815455605703111,1.35763494258528,0.0823195327582601,0.945781641189917,0.0508477128714155,2.34180490583042,0.0971004230798169,2.35177200203928,0.0971055384226245
"4460","qz","coarse",0,0.04,0.01,0,50.5,7.1,147,43.1,150,200,30.6,5,2.539,0.13,10.79,0.544,1.8,0.092,0.00874651702978726,0.000874651702978726,0,0,0.0352768955279699,0.00750984148740646,1.38167609488747,0.0826406169590946,0.928575071913644,0.0486445305527627,2.34552806232908,0.0961881471037073,2.35427457935887,0.0961921236840416
"4373","qz","coarse",0,0.04,0.01,0,50.5,7.1,147,48.8,150,200,25.1,5,2.789,0.143,9.92,0.501,1.8,0.092,0.00699510807541663,0.000699510807541663,0,0,0.0373203107517442,0.00791045359035691,1.46326669280787,0.0900176818625107,0.963038393954002,0.0519061430360621,2.46362539751361,0.104211352590711,2.47062050558903,0.104213700270912
"4381","qz","coarse",0,0.04,0.01,0,50.5,7.1,147,52.1,150,200,23.7,5,2.906,0.148,10.32,0.519,1.81,0.091,0.00619957473005666,0.000619957473005666,0,0,0.0394565089709402,0.00837024807434482,1.50713408915642,0.092690275856896,1.00255144940087,0.0543143287034444,2.54914204752823,0.107757109249271,2.55534162225828,0.107758892630853
"4368","qz","coarse",0,0.04,0.01,0,50.5,7.1,147,60,150,200,28.3,5,3.003,0.158,11.64,0.594,1.74,0.092,0.00474452046018747,0.000474452046018747,0,0,0.0406290875560405,0.00862297048656279,1.43531877309426,0.0867763986508813,1.00578503273805,0.0535631885594844,2.48173289338835,0.102340188349874,2.48647741384854,0.102341288130606
"4379","qz","coarse",0,0.04,0.01,0,50.5,7.1,147,62.7,150,200,42.9,5,2.745,0.14,10.61,0.534,1.55,0.078,0.00435641197063585,0.000435641197063585,0,0,0.0321409650328128,0.0067639189213089,1.13597361124477,0.0626228424547658,0.80884719218836,0.0395608304740954,1.97696176846594,0.0743803085775299,1.98131818043657,0.0743815843293295
"4376","qz","coarse",0,0.04,0.01,0,50.5,7.1,147,65,150,200,42.6,5,2.841,0.146,12.1,0.612,2.04,0.104,0.00405973132521756,0.000405973132521756,0,0,0.0351812177012435,0.007445819594014,1.40773181122681,0.0796136461588457,0.948564793624297,0.0467965050463543,2.39147782255235,0.0926481827597604,2.39553755387757,0.0926490722180761
"4366","qz","coarse",0,0.04,0.01,0,50.5,7.1,147,69,150,200,42.5,5,8.222,0.414,21.39,1.074,3.39,0.171,0.00360688849027277,0.000360688849027277,0,0,0.079663384991118,0.0167749858044654,2.6495910327565,0.14431753500406,1.88272185921186,0.0914712031292299,4.61197627695948,0.17168556159531,4.61558316544975,0.171685940474876
"4382","qz","coarse",0,0.04,0.01,0,50.5,7.1,147,69,150,200,62.5,5,2.572,0.132,10.45,0.527,1.82,0.093,0.00360688849027277,0.000360688849027277,0,0,0.0262473555177153,0.00550163675162928,1.07885271281286,0.056833605677029,0.726908379562044,0.033021450065541,1.83200844789262,0.0659601615039709,1.8356153363829,0.065961147671002
"4378","qz","coarse",0,0.04,0.01,0,50.5,7.1,147,70.1,150,200,24.9,5,3.174,0.161,10.81,0.544,2.09,0.105,0.00349467405502698,0.000349467405502698,0,0,0.0416319195627092,0.00881624177707196,1.68395225235364,0.103391837035401,1.08804402349166,0.0585407713174181,2.813628195408,0.119141176723519,2.81712286946303,0.119141689254989
"4365","qz","coarse",0,0.04,0.01,0,50.5,7.1,147,72.2,150,200,24,5,2.782,0.143,12.83,0.648,2.7,0.136,0.0032934680989379,0.00032934680989379,0,0,0.0434467118805585,0.00934528907475549,2.04626219207589,0.12905615783482,1.25833118718593,0.0689017366497042,3.34804009114238,0.14659561936266,3.35133355924132,0.146595989323184
"LUM-2307","qz","coarse",0,0.04,0.01,0,50.5,7.1,147,1.5,150,200,20,10,3.471,0.176,11.12,0.56,1.94,0.099,0.175208919112652,0.0175208919112652,0,0,0.0466591405366553,0.010955939595915,1.71230810809182,0.183246379706887,1.14620667752443,0.11192427471195,2.90517392615291,0.21500305011303,3.08038284526556,0.215715769500684
"LUM-2308","qz","coarse",0,0.04,0.01,0,50.5,7.1,147,4.3,150,200,20,10,4.107,0.21,13.88,0.701,1.83,0.094,0.121908881059722,0.0121908881059722,0,0,0.0566941031952889,0.0133179359955757,1.76031378842932,0.187361478424748,1.28984087947883,0.126015147018774,3.10684877110343,0.226189098532296,3.22875765216315,0.226517385751436
"LUM-2317","qz","coarse",0,0.04,0.01,0,50.5,7.1,147,6.6,150,200,20,10,3.65,0.184,12.73,0.639,1.81,0.091,0.0932141706147063,0.00932141706147063,0,0,0.0511966650413399,0.0120288820372072,1.68143971717514,0.17898008286953,1.19912133550489,0.117031977240311,2.93175771772137,0.214184611407602,3.02497188833607,0.214387351725468
"LUM-2318","qz","coarse",0,0.04,0.01,0,50.5,7.1,147,9.6,150,200,20,10,3.107,0.158,12.33,0.62,1.83,0.092,0.0681701251702199,0.00681701251702199,0,0,0.0466518071608859,0.0110028075463706,1.63122552711895,0.174157030257519,1.13808599348534,0.111197939526778,2.81596332776518,0.206922001529615,2.8841334529354,0.207034263774572
"LUM-2310","qz","coarse",0,0.04,0.01,0,50.5,7.1,147,12.6,150,200,25,10,3.691,0.189,13.34,0.673,1.72,0.088,0.0516667945407822,0.00516667945407823,0,0,0.0498557043539919,0.0115741371294503,1.56441142919863,0.15954251659024,1.15483564202335,0.108351970451237,2.76910277557597,0.193204360072189,2.82076957011675,0.193273431509572
"LUM-2311","qz","coarse",0,0.04,0.01,0,50.5,7.1,147,13.8,150,200,25,10,3.306,0.168,12.17,0.613,1.76,0.089,0.0466391856765893,0.00466391856765893,0,0,0.045085900141849,0.0104706381366304,1.53011280482206,0.156359154203685,1.08531968871595,0.101771630571365,2.66051839367986,0.186856319549097,2.70715757935645,0.186914516000872
"LUM-2309","qz","coarse",0,0.04,0.01,0,50.5,7.1,147,17.8,150,200,25,10,3.141,0.161,10.57,0.536,1.56,0.081,0.0341384272315795,0.00341384272315795,0,0,0.0409060554424404,0.00948570031257211,1.37286934981472,0.140577144699121,0.972193618677043,0.0912280945213938,2.3859690239342,0.167852546457246,2.42010745116578,0.167887258820675
"LUM-2312","qz","coarse",0,0.04,0.01,0,50.5,7.1,147,22.4,150,200,30,10,2.584,0.134,10.3,0.523,1.34,0.07,0.0249497955435013,0.00249497955435013,0,0,0.0348691304175227,0.00803271389558172,1.13501694566291,0.111674383425088,0.833869746646796,0.075425173933961,2.00375582272723,0.134998700989566,2.02870561827073,0.135021754513289
"LUM-2313","qz","coarse",0,0.04,0.01,0,50.5,7.1,147,27.7,150,200,25,10,1.838,0.098,7.82,0.399,1.21,0.064,0.0181974246336072,0.00181974246336072,0,0,0.0271148633558603,0.00633851430500733,1.0006569520642,0.103287589789087,0.687850894941634,0.0647797298006514,1.7156227103617,0.122085692696069,1.7338201349953,0.122099253985075
"LUM-2314","qz","coarse",0,0.04,0.01,0,50.5,7.1,147,35.3,150,200,30,10,2.706,0.144,9.29,0.477,1.49,0.077,0.0123273297949371,0.00123273297949371,0,0,0.033757050265075,0.00774691125270362,1.21145977201787,0.119527333734349,0.835753949329359,0.0755812170179905,2.08097077161231,0.141630923563749,2.09329810140724,0.141636288217812
"LUM-2315","qz","coarse",0,0.04,0.01,0,50.5,7.1,147,52.4,150,200,25,10,2.983,0.153,10.54,0.532,1.85,0.095,0.0061336406017069,0.00061336406017069,0,0,0.0398236885217048,0.0092408916424387,1.52246460999502,0.156603697354455,1.01369914396887,0.0951481210269057,2.57598744248559,0.183475548884269,2.5821210830873,0.183476574128291
"LUM-2316","qz","coarse",0,0.04,0.01,0,50.5,7.1,147,53.2,150,200,25,10,3.157,0.161,10.56,0.533,1.92,0.097,0.00596253823799173,0.000596253823799173,0,0,0.0409903161586367,0.00950358330827855,1.57951246153832,0.162161080328898,1.04319424124514,0.0978233065544707,2.6636970189421,0.189620498296947,2.66965955718009,0.189621435742389
"4371","fsp","coarse",10,0.09,0.02,0,50.5,7.1,147,1.8,150,200,22.1,5,2.841,0.148,12.13,0.613,1.9,0.097,0.168227717303532,0.0168227717303532,0.815928283338597,0.0992936752269292,0,0,1.58907126641868,0.0992929521334629,1.09885202166238,0.0605312802894266,2.68792328808106,0.116288977280116,3.67207928872319,0.153835515488517
"4374","fsp","coarse",10,0.09,0.02,0,50.5,7.1,147,3,150,200,18.6,5,3.073,0.157,12.6,0.634,1.95,0.1,0.143572679930131,0.0143572679930131,0.815928283338597,0.0992936752269292,0,0,1.70730425821051,0.10883442553896,1.18538282564932,0.0666293876557238,2.89268708385983,0.12761037372319,3.85218804712856,0.16232613026271
"4451","fsp","coarse",10,0.09,0.02,0,50.5,7.1,147,5,150,200,18.6,5,2.97,0.152,11.88,0.598,1.93,0.099,0.112032351819187,0.0112032351819187,0.815928283338597,0.0992936752269292,0,0,1.67222020973523,0.106884221384634,1.14318669350847,0.0642572896745104,2.8154069032437,0.124712613866093,3.74336753840148,0.159806077718983
"4452","fsp","coarse",10,0.09,0.02,0,50.5,7.1,147,5.4,150,200,20,5,2.854,0.147,11.36,0.574,1.89,0.097,0.10687150414422,0.010687150414422,0.815928283338597,0.0992936752269292,0,0,1.60448386708628,0.101851499553369,1.08926319218241,0.0607335052505488,2.69374705926869,0.118584512569257,3.6165468467515,0.155034627568617
"4380","fsp","coarse",10,0.09,0.02,0,50.5,7.1,147,8.7,150,200,36.3,5,2.989,0.151,12.06,0.605,1.87,0.094,0.0745749562418158,0.00745749562418158,0.815928283338597,0.0992936752269292,0,0,1.39134169114806,0.0797440024422813,0.977056626727589,0.0493678583984744,2.36839831787565,0.0937885460403688,3.25890155745606,0.1367886674744
"4453","fsp","coarse",10,0.09,0.02,0,50.5,7.1,147,9.2,150,200,22.1,5,3.184,0.163,11.66,0.59,1.75,0.09,0.0709169359069078,0.00709169359069078,0.815928283338597,0.0992936752269292,0,0,1.52720394397571,0.0946278087991214,1.08149527932649,0.0593427847563606,2.60869922330219,0.111695963672654,3.4955444425477,0.149617894514052
"4367","fsp","coarse",10,0.09,0.02,0,50.5,7.1,147,11,150,200,21.3,5,2.571,0.132,9.65,0.488,1.62,0.083,0.0596580034170201,0.00596580034170201,0.815928283338597,0.0992936752269292,0,0,1.36839681849267,0.0859487454616137,0.930367068441126,0.0513663448650047,2.29876388693379,0.100128358776202,3.17435017368941,0.14114004727576
"4454","fsp","coarse",10,0.09,0.02,0,50.5,7.1,147,12.1,150,200,25.1,5,2.707,0.141,10.5,0.533,1.64,0.084,0.0539913671433114,0.00539913671433114,0.815928283338597,0.0992936752269292,0,0,1.35709955092741,0.083021117399398,0.946525728147791,0.0511252739692996,2.3036252790752,0.0975002542185433,3.17354492955711,0.139264798818695
"4377","fsp","coarse",10,0.09,0.02,0,50.5,7.1,147,15.2,150,200,21,5,2.6,0.134,10.01,0.507,1.65,0.085,0.0416129063866928,0.00416129063866928,0.815928283338597,0.0992936752269292,0,0,1.39914403252822,0.0881830694225111,0.955568016782314,0.0529312676790792,2.35471204931054,0.102849272388723,3.21225323903583,0.143019310272215
"4372","fsp","coarse",10,0.09,0.02,0,50.5,7.1,147,19.2,150,200,30.9,5,2.798,0.143,10.47,0.528,1.54,0.08,0.0308898369669202,0.00308898369669202,0.815928283338597,0.0992936752269292,0,0,1.24020451417172,0.073293344739369,0.888228151391005,0.0463159540228469,2.12843266556272,0.0867011071447791,2.97525078586824,0.131855442589526
"4455","fsp","coarse",10,0.09,0.02,0,50.5,7.1,147,23,150,200,35,5,6.767,0.34,12.92,0.65,1.69,0.085,0.0240208061442514,0.00240208061442514,0.815928283338597,0.0992936752269292,0,0,1.65407573925901,0.0912063299469233,1.28675096497498,0.0652287711102916,2.940826704234,0.112131116122804,3.78077579371684,0.149794496341805
"4370","fsp","coarse",10,0.09,0.02,0,50.5,7.1,147,27,150,200,24,5,2.51,0.13,9.43,0.48,1.75,0.09,0.0189272171766118,0.00189272171766118,0.815928283338597,0.0992936752269292,0,0,1.39771062247773,0.0872278176870605,0.919716551507538,0.0501064315980892,2.31742717398527,0.100594963422336,3.15228267450048,0.14135827885735
"4456","fsp","coarse",10,0.09,0.02,0,50.5,7.1,147,29.9,150,200,34,5,2.384,0.124,9.94,0.503,1.53,0.079,0.0161482446323497,0.00161482446323497,0.815928283338597,0.0992936752269292,0,0,1.15706356548419,0.0678561191663552,0.812077832228308,0.0418222734805173,1.96914139771249,0.0797091931172169,2.80121792568344,0.127339691634289
"4457","fsp","coarse",10,0.09,0.02,0,50.5,7.1,147,31.3,150,200,34.4,5,2.632,0.137,10.87,0.551,1.62,0.083,0.0150114953839359,0.00150114953839359,0.815928283338597,0.0992936752269292,0,0,1.23543920821538,0.0718659340171645,0.877615072980117,0.0450582096687333,2.11305428119549,0.0848230789980591,2.94399405991803,0.130600314397472
"4375","fsp","coarse",10,0.09,0.02,0,50.5,7.1,147,33,150,200,29.8,5,2.482,0.127,10.06,0.507,1.56,0.079,0.0137783150343498,0.00137783150343498,0.815928283338597,0.0992936752269292,0,0,1.22834813434588,0.0730047665292484,0.859180724330457,0.0450618010137857,2.08752885867633,0.0857919684270975,2.91723545704928,0.131230309785197
"4369","fsp","coarse",10,0.09,0.02,0,50.5,7.1,147,38.3,150,200,26.9,5,2.706,0.141,9.79,0.496,1.56,0.081,0.0107404942658048,0.00107404942658048,0.815928283338597,0.0992936752269292,0,0,1.27817411566238,0.0776173900971995,0.890145715029158,0.0475585525309845,2.16831983069154,0.0910289798050228,2.99498860829594,0.134709549351874
"4459","fsp","coarse",10,0.09,0.02,0,50.5,7.1,147,40,150,200,25.1,5,2.762,0.14,10.56,0.531,1.6,0.081,0.00996709620886012,0.000996709620886012,0.815928283338597,0.0992936752269292,0,0,1.3406643025618,0.0813883488331659,0.945781641189917,0.0508477128714155,2.28644594375172,0.0959664171991589,3.11234132329918,0.138093376380557
"4460","fsp","coarse",10,0.09,0.02,0,50.5,7.1,147,43.1,150,200,30.6,5,2.539,0.13,10.79,0.544,1.8,0.092,0.00874651702978726,0.000874651702978726,0.815928283338597,0.0992936752269292,0,0,1.36504734827958,0.0817536881394535,0.928575071913644,0.0486445305527627,2.29362242019322,0.0951312560471147,3.1182972205616,0.13751347145925
"4373","fsp","coarse",10,0.09,0.02,0,50.5,7.1,147,48.8,150,200,25.1,5,2.789,0.143,9.92,0.501,1.8,0.092,0.00699510807541663,0.000699510807541663,0.815928283338597,0.0992936752269292,0,0,1.44586629324401,0.0890529179198925,0.963038393954002,0.0519061430360621,2.40890468719801,0.103076039286185,3.23182807861202,0.143123698702793
"4381","fsp","coarse",10,0.09,0.02,0,50.5,7.1,147,52.1,150,200,23.7,5,2.906,0.148,10.32,0.519,1.81,0.091,0.00619957473005666,0.000619957473005666,0.815928283338597,0.0992936752269292,0,0,1.48902223953934,0.0916801429992246,1.00255144940087,0.0543143287034444,2.49157368894021,0.106561226170048,3.31370154700886,0.145653400956529
"4368","fsp","coarse",10,0.09,0.02,0,50.5,7.1,147,60,150,200,28.3,5,3.003,0.158,11.64,0.594,1.74,0.092,0.00474452046018747,0.000474452046018747,0.815928283338597,0.0992936752269292,0,0,1.41731993578005,0.0858051492697186,1.00578503273805,0.0535631885594844,2.4231049685181,0.101151069247228,3.24377777231689,0.14174271711334
"4379","fsp","coarse",10,0.09,0.02,0,50.5,7.1,147,62.7,150,200,42.9,5,2.745,0.14,10.61,0.534,1.55,0.078,0.00435641197063585,0.000435641197063585,0.815928283338597,0.0992936752269292,0,0,1.12162309663189,0.0619196997555497,0.80884719218836,0.0395608304740954,1.93047028882025,0.0734786263182535,2.75075498412948,0.123525431587754
"4376","fsp","coarse",10,0.09,0.02,0,50.5,7.1,147,65,150,200,42.6,5,2.841,0.146,12.1,0.612,2.04,0.104,0.00405973132521756,0.000405973132521756,0.815928283338597,0.0992936752269292,0,0,1.39084807203884,0.0787737544027989,0.948564793624297,0.0467965050463543,2.33941286566313,0.0916254182378773,3.15940088032695,0.135109644443027
"4366","fsp","coarse",10,0.09,0.02,0,50.5,7.1,147,69,150,200,42.5,5,8.222,0.414,21.39,1.074,3.39,0.171,0.00360688849027277,0.000360688849027277,0.815928283338597,0.0992936752269292,0,0,2.61585188885511,0.142658047661395,1.88272185921186,0.0914712031292299,4.49857374806697,0.169464744311228,5.31810891989584,0.19641197417924
"4382","fsp","coarse",10,0.09,0.02,0,50.5,7.1,147,69,150,200,62.5,5,2.572,0.132,10.45,0.527,1.82,0.093,0.00360688849027277,0.000360688849027277,0.815928283338597,0.0992936752269292,0,0,1.06599809664132,0.0562506452930423,0.726908379562044,0.033021450065541,1.79290647620336,0.0652269212849624,2.61244164803223,0.118802000390698
"4378","fsp","coarse",10,0.09,0.02,0,50.5,7.1,147,70.1,150,200,24.9,5,3.174,0.161,10.81,0.544,2.09,0.105,0.00349467405502698,0.000349467405502698,0.815928283338597,0.0992936752269292,0,0,1.66423771430905,0.102295988086754,1.08804402349166,0.0585407713174181,2.75228173780071,0.117862169864141,3.57170469519433,0.15411309857576
"4365","fsp","coarse",10,0.09,0.02,0,50.5,7.1,147,72.2,150,200,24,5,2.782,0.143,12.83,0.648,2.7,0.136,0.0032934680989379,0.00032934680989379,0.815928283338597,0.0992936752269292,0,0,2.023473925223,0.127760757971504,1.25833118718593,0.0689017366497042,3.28180511240893,0.145155987099391,4.10102686384646,0.175868140947104
"LUM-2307","fsp","coarse",10,0.09,0.02,0,50.5,7.1,147,1.5,150,200,20,10,3.471,0.176,11.12,0.56,1.94,0.099,0.175208919112652,0.0175208919112652,0.815928283338597,0.0992936752269292,0,0,1.69151626687412,0.181089823212635,1.14620667752443,0.11192427471195,2.83772294439855,0.212886277953699,3.8288601468498,0.235556326458061
"LUM-2308","fsp","coarse",10,0.09,0.02,0,50.5,7.1,147,4.3,150,200,20,10,4.107,0.21,13.88,0.701,1.83,0.094,0.121908881059722,0.0121908881059722,0.815928283338597,0.0992936752269292,0,0,1.7371308459945,0.184962630994942,1.28984087947883,0.126015147018774,3.02697172547333,0.223810169882279,3.96480888987165,0.245150655384842
"LUM-2317","fsp","coarse",10,0.09,0.02,0,50.5,7.1,147,6.6,150,200,20,10,3.65,0.184,12.73,0.639,1.81,0.091,0.0932141706147063,0.00932141706147063,0.815928283338597,0.0992936752269292,0,0,1.65985374361012,0.176746701743361,1.19912133550489,0.117031977240311,2.85897507911501,0.211980848837657,3.76811753306831,0.23426908253126
"LUM-2318","fsp","coarse",10,0.09,0.02,0,50.5,7.1,147,9.6,150,200,20,10,3.107,0.158,12.33,0.62,1.83,0.092,0.0681701251702199,0.00681701251702199,0.815928283338597,0.0992936752269292,0,0,1.61075973507957,0.172037945368664,1.13808599348534,0.111197939526778,2.74884572856491,0.204846372683707,3.63294413707373,0.22774490554434
"LUM-2310","fsp","coarse",10,0.09,0.02,0,50.5,7.1,147,12.6,150,200,25,10,3.691,0.189,13.34,0.673,1.72,0.088,0.0516667945407822,0.00516667945407823,0.815928283338597,0.0992936752269292,0,0,1.54376732432294,0.157501652230625,1.15483564202335,0.108351970451237,2.69860296634629,0.19117248744535,3.56619804422566,0.21548282639852
"LUM-2311","fsp","coarse",10,0.09,0.02,0,50.5,7.1,147,13.8,150,200,25,10,3.306,0.168,12.17,0.613,1.76,0.089,0.0466391856765893,0.00466391856765893,0.815928283338597,0.0992936752269292,0,0,1.51065195838813,0.154434086885841,1.08531968871595,0.101771630571365,2.59597164710408,0.184952296502147,3.45853911611927,0.209972231635268
"LUM-2309","fsp","coarse",10,0.09,0.02,0,50.5,7.1,147,17.8,150,200,25,10,3.141,0.161,10.57,0.536,1.56,0.081,0.0341384272315795,0.00341384272315795,0.815928283338597,0.0992936752269292,0,0,1.35539707508462,0.138847560093998,0.972193618677043,0.0912280945213938,2.32759069376167,0.166136119414354,3.17765740433184,0.193577112377135
"LUM-2312","fsp","coarse",10,0.09,0.02,0,50.5,7.1,147,22.4,150,200,30,10,2.584,0.134,10.3,0.523,1.34,0.07,0.0249497955435013,0.00249497955435013,0.815928283338597,0.0992936752269292,0,0,1.12018172273924,0.110268633065834,0.833869746646796,0.075425173933961,1.95405146938604,0.13359688731844,2.79492954826814,0.166473983445532
"LUM-2313","fsp","coarse",10,0.09,0.02,0,50.5,7.1,147,27.7,150,200,25,10,1.838,0.098,7.82,0.399,1.21,0.064,0.0181974246336072,0.00181974246336072,0.815928283338597,0.0992936752269292,0,0,0.988327566433761,0.102064282592689,0.687850894941634,0.0647797298006514,1.6761784613754,0.120886439165878,2.5103041693476,0.156448319188509
"LUM-2314","fsp","coarse",10,0.09,0.02,0,50.5,7.1,147,35.3,150,200,30,10,2.706,0.144,9.29,0.477,1.49,0.077,0.0123273297949371,0.00123273297949371,0.815928283338597,0.0992936752269292,0,0,1.19645446729499,0.118101187440033,0.835753949329359,0.0755812170179905,2.03220841662435,0.140215587010383,2.86046402975788,0.171817241309876
"LUM-2315","fsp","coarse",10,0.09,0.02,0,50.5,7.1,147,52.4,150,200,25,10,2.983,0.153,10.54,0.532,1.85,0.095,0.0061336406017069,0.00061336406017069,0.815928283338597,0.0992936752269292,0,0,1.50416515363437,0.154787924974229,1.01369914396887,0.0951481210269057,2.51786429760324,0.181693331338215,3.33992622154355,0.207055733579922
"LUM-2316","fsp","coarse",10,0.09,0.02,0,50.5,7.1,147,53.2,150,200,25,10,3.157,0.161,10.56,0.533,1.92,0.097,0.00596253823799173,0.000596253823799173,0.815928283338597,0.0992936752269292,0,0,1.56064318292186,0.160288767556089,1.04319424124514,0.0978233065544707,2.603837424167,0.187781490860787,3.42572824574359,0.212418167228213
"4371","qz","coarse",10,0.04,0.01,0,50.5,7.1,147,1.8,150,200,22.1,5,2.841,0.148,12.13,0.613,1.9,0.097,0.168227717303532,0.0168227717303532,0,0,0,0,1.58544590681162,0.0990902532334642,1.09885202166238,0.0605312802894266,2.684297928474,0.116115951442294,2.85252564577753,0.117328256733153
"4374","qz","coarse",10,0.04,0.01,0,50.5,7.1,147,3,150,200,18.6,5,3.073,0.157,12.6,0.634,1.95,0.1,0.143572679930131,0.0143572679930131,0,0,0,0,1.70340269386741,0.108610504092378,1.18538282564932,0.0666293876557238,2.88878551951673,0.127419452590949,3.03235819944686,0.12822576980779
"4451","qz","coarse",10,0.04,0.01,0,50.5,7.1,147,5,150,200,18.6,5,2.97,0.152,11.88,0.598,1.93,0.099,0.112032351819187,0.0112032351819187,0,0,0,0,1.66834943446281,0.106662263634751,1.14318669350847,0.0642572896745104,2.81153612797128,0.124522438781142,2.92356847979046,0.125025398373868
"4452","qz","coarse",10,0.04,0.01,0,50.5,7.1,147,5.4,150,200,20,5,2.854,0.147,11.36,0.574,1.89,0.097,0.10687150414422,0.010687150414422,0,0,0,0,1.60074989153573,0.101639621545682,1.08926319218241,0.0607335052505488,2.69001308371814,0.118402581593342,2.79688458786236,0.118883920325452
"4380","qz","coarse",10,0.04,0.01,0,50.5,7.1,147,8.7,150,200,36.3,5,2.989,0.151,12.06,0.605,1.87,0.094,0.0745749562418158,0.00745749562418158,0,0,0,0,1.38815533568204,0.079584811858627,0.977056626727589,0.0493678583984744,2.36521196240963,0.093653231238569,2.43978691865145,0.0939496778196156
"4453","qz","coarse",10,0.04,0.01,0,50.5,7.1,147,9.2,150,200,22.1,5,3.184,0.163,11.66,0.59,1.75,0.09,0.0709169359069078,0.00709169359069078,0,0,0,0,1.5236917583311,0.0944326933394002,1.08149527932649,0.0593427847563606,2.60518703765759,0.111530711797123,2.6761039735645,0.111755947456756
"4367","qz","coarse",10,0.04,0.01,0,50.5,7.1,147,11,150,200,21.3,5,2.571,0.132,9.65,0.488,1.62,0.083,0.0596580034170201,0.00596580034170201,0,0,0,0,1.36518763343392,0.0857692686563772,0.930367068441126,0.0513663448650047,2.29555470187504,0.099974340861245,2.35521270529206,0.10015218222464
"4454","qz","coarse",10,0.04,0.01,0,50.5,7.1,147,12.1,150,200,25.1,5,2.707,0.141,10.5,0.533,1.64,0.084,0.0539913671433114,0.00539913671433114,0,0,0,0,1.35397346290897,0.0828507982861395,0.946525728147791,0.0511252739692996,2.30049919105676,0.0973552690668899,2.35449055820007,0.0975048670187626
"4377","qz","coarse",10,0.04,0.01,0,50.5,7.1,147,15.2,150,200,21,5,2.6,0.134,10.01,0.507,1.65,0.085,0.0416129063866928,0.00416129063866928,0,0,0,0,1.39588302096596,0.0879994011553478,0.955568016782314,0.0529312676790792,2.35145103774828,0.102691838535563,2.39306394413497,0.102776116104831
"4372","qz","coarse",10,0.04,0.01,0,50.5,7.1,147,19.2,150,200,30.9,5,2.798,0.143,10.47,0.528,1.54,0.08,0.0308898369669202,0.00308898369669202,0,0,0,0,1.23737149871904,0.0731442649641931,0.888228151391005,0.0463159540228469,2.12559965011005,0.0865751182164862,2.15648948707697,0.0866302078635217
"4455","qz","coarse",10,0.04,0.01,0,50.5,7.1,147,23,150,200,35,5,6.767,0.34,12.92,0.65,1.69,0.085,0.0240208061442514,0.00240208061442514,0,0,0,0,1.64998656620129,0.0910110357200478,1.28675096497498,0.0652287711102916,2.93673753117627,0.111972323381247,2.96075833732053,0.111998085674144
"4370","qz","coarse",10,0.04,0.01,0,50.5,7.1,147,27,150,200,24,5,2.51,0.13,9.43,0.48,1.75,0.09,0.0189272171766118,0.00189272171766118,0,0,0,0,1.39437040360159,0.0870440751729147,0.919716551507538,0.0501064315980892,2.31408695510913,0.100435678472354,2.33301417228574,0.100453511166621
"4456","qz","coarse",10,0.04,0.01,0,50.5,7.1,147,29.9,150,200,34,5,2.384,0.124,9.94,0.503,1.53,0.079,0.0161482446323497,0.00161482446323497,0,0,0,0,1.15442729192396,0.0677193575810339,0.812077832228308,0.0418222734805173,1.96650512415227,0.0795928008695957,1.98265336878462,0.0796091804273488
"4457","qz","coarse",10,0.04,0.01,0,50.5,7.1,147,31.3,150,200,34.4,5,2.632,0.137,10.87,0.551,1.62,0.083,0.0150114953839359,0.00150114953839359,0,0,0,0,1.23264136742313,0.0717221104882672,0.877615072980117,0.0450582096687333,2.11025644040325,0.0847012596803775,2.12526793578718,0.0847145609761354
"4375","qz","coarse",10,0.04,0.01,0,50.5,7.1,147,33,150,200,29.8,5,2.482,0.127,10.06,0.507,1.56,0.079,0.0137783150343498,0.00137783150343498,0,0,0,0,1.22553639436375,0.072857318449445,0.859180724330457,0.0450618010137857,2.08471711869421,0.0856665323346864,2.09849543372856,0.0856776119059216
"4369","qz","coarse",10,0.04,0.01,0,50.5,7.1,147,38.3,150,200,26.9,5,2.706,0.141,9.79,0.496,1.56,0.081,0.0107404942658048,0.00107404942658048,0,0,0,0,1.27519520566116,0.0774564158066292,0.890145715029158,0.0475585525309845,2.16534092069032,0.0908917612792923,2.17608141495612,0.0908981069694116
"4459","qz","coarse",10,0.04,0.01,0,50.5,7.1,147,40,150,200,25.1,5,2.762,0.14,10.56,0.531,1.6,0.081,0.00996709620886012,0.000996709620886012,0,0,0,0,1.33759055279143,0.0812225161297121,0.945781641189917,0.0508477128714155,2.28337219398134,0.0958258160972045,2.2933392901902,0.0958309994770149
"4460","qz","coarse",10,0.04,0.01,0,50.5,7.1,147,43.1,150,200,30.6,5,2.539,0.13,10.79,0.544,1.8,0.092,0.00874651702978726,0.000874651702978726,0,0,0,0,1.36188912813918,0.0815872887410576,0.928575071913644,0.0486445305527627,2.29046420005282,0.0949882942094202,2.29921071708261,0.0949923210181586
"4373","qz","coarse",10,0.04,0.01,0,50.5,7.1,147,48.8,150,200,25.1,5,2.789,0.143,9.92,0.501,1.8,0.092,0.00699510807541663,0.000699510807541663,0,0,0,0,1.44240756454918,0.0888655993522602,0.963038393954002,0.0519061430360621,2.40544595850318,0.102914247959729,2.41244106657859,0.102916625228806
"4381","qz","coarse",10,0.04,0.01,0,50.5,7.1,147,52.1,150,200,23.7,5,2.906,0.148,10.32,0.519,1.81,0.091,0.00619957473005666,0.000619957473005666,0,0,0,0,1.48548157652284,0.091488481765625,1.00255144940087,0.0543143287034444,2.48803302592371,0.106396374930187,2.49423260065377,0.106398181119572
"4368","qz","coarse",10,0.04,0.01,0,50.5,7.1,147,60,150,200,28.3,5,3.003,0.158,11.64,0.594,1.74,0.092,0.00474452046018747,0.000474452046018747,0,0,0,0,1.4140847612946,0.0856291431861406,1.00578503273805,0.0535631885594844,2.41986979403265,0.101001808555349,2.42461431449284,0.101002922909168
"4379","qz","coarse",10,0.04,0.01,0,50.5,7.1,147,62.7,150,200,42.9,5,2.745,0.14,10.61,0.534,1.55,0.078,0.00435641197063585,0.000435641197063585,0,0,0,0,1.11907455266613,0.0617976190165077,0.80884719218836,0.0395608304740954,1.92792174485449,0.0733757795454981,1.93227815682513,0.0733770727622881
"4376","qz","coarse",10,0.04,0.01,0,50.5,7.1,147,65,150,200,42.6,5,2.841,0.146,12.1,0.612,2.04,0.104,0.00405973132521756,0.000405973132521756,0,0,0,0,1.38762367699186,0.0786160202942778,0.948564793624297,0.0467965050463543,2.33618847061615,0.0914898438705836,2.34024820194137,0.0914907445900846
"4366","qz","coarse",10,0.04,0.01,0,50.5,7.1,147,69,150,200,42.5,5,8.222,0.414,21.39,1.074,3.39,0.171,0.00360688849027277,0.000360688849027277,0,0,0,0,2.60951577830787,0.142362336997084,1.88272185921186,0.0914712031292299,4.49223763751972,0.169215885770752,4.49584452601,0.169216270179986
"4382","qz","coarse",10,0.04,0.01,0,50.5,7.1,147,69,150,200,62.5,5,2.572,0.132,10.45,0.527,1.82,0.093,0.00360688849027277,0.000360688849027277,0,0,0,0,1.06349930103971,0.0561398850190585,0.726908379562044,0.033021450065541,1.79040768060175,0.0651314275475682,1.79401456909203,0.0651324262624227
"4378","qz","coarse",10,0.04,0.01,0,50.5,7.1,147,70.1,150,200,24.9,5,3.174,0.161,10.81,0.544,2.09,0.105,0.00349467405502698,0.000349467405502698,0,0,0,0,1.66019631550922,0.102079652887363,1.08804402349166,0.0585407713174181,2.74824033900087,0.117674455342027,2.7517350130559,0.117674974261779
"4365","qz","coarse",10,0.04,0.01,0,50.5,7.1,147,72.2,150,200,24,5,2.782,0.143,12.83,0.648,2.7,0.136,0.0032934680989379,0.00032934680989379,0,0,0,0,2.01860249037787,0.127493529007335,1.25833118718593,0.0689017366497042,3.2769336775638,0.144920837880856,3.28022714566274,0.144921212116828
"LUM-2307","qz","coarse",10,0.04,0.01,0,50.5,7.1,147,1.5,150,200,20,10,3.471,0.176,11.12,0.56,1.94,0.099,0.175208919112652,0.0175208919112652,0,0,0,0,1.68745526943869,0.180672016426829,1.14620667752443,0.11192427471195,2.83366194696311,0.212530987833616,3.00887086607577,0.213251969376366
"LUM-2308","qz","coarse",10,0.04,0.01,0,50.5,7.1,147,4.3,150,200,20,10,4.107,0.21,13.88,0.701,1.83,0.094,0.121908881059722,0.0121908881059722,0,0,0,0,1.73319920585138,0.184557512454529,1.28984087947883,0.126015147018774,3.02304008533021,0.223475485638955,3.14494896638993,0.223807753293712
"LUM-2317","qz","coarse",10,0.04,0.01,0,50.5,7.1,147,6.6,150,200,20,10,3.65,0.184,12.73,0.639,1.81,0.091,0.0932141706147063,0.00932141706147063,0,0,0,0,1.65605526110838,0.176356467476623,1.19912133550489,0.117031977240311,2.85517659661326,0.211655586549493,2.94839076722797,0.211860747033621
"LUM-2318","qz","coarse",10,0.04,0.01,0,50.5,7.1,147,9.6,150,200,20,10,3.107,0.158,12.33,0.62,1.83,0.092,0.0681701251702199,0.00681701251702199,0,0,0,0,1.60709862397607,0.171660915445926,1.13808599348534,0.111197939526778,2.74518461746141,0.204529830701378,2.81335474263163,0.204643405235526
"LUM-2310","qz","coarse",10,0.04,0.01,0,50.5,7.1,147,12.6,150,200,25,10,3.691,0.189,13.34,0.673,1.72,0.088,0.0516667945407822,0.00516667945407823,0,0,0,0,1.54032295357286,0.157162373418635,1.15483564202335,0.108351970451237,2.6951585955962,0.190893061998713,2.74682539013698,0.190962969436028
"LUM-2311","qz","coarse",10,0.04,0.01,0,50.5,7.1,147,13.8,150,200,25,10,3.306,0.168,12.17,0.613,1.76,0.089,0.0466391856765893,0.00466391856765893,0,0,0,0,1.50720645351699,0.154095279990396,1.08531968871595,0.101771630571365,2.59252614223295,0.184669488829295,2.63916532790954,0.184728374217061
"LUM-2309","qz","coarse",10,0.04,0.01,0,50.5,7.1,147,17.8,150,200,25,10,3.141,0.161,10.57,0.536,1.56,0.081,0.0341384272315795,0.00341384272315795,0,0,0,0,1.35225815146191,0.138537906472775,0.972193618677043,0.0912280945213938,2.32445177013896,0.16587741485767,2.35859019737053,0.165912540460335
"LUM-2312","qz","coarse",10,0.04,0.01,0,50.5,7.1,147,22.4,150,200,30,10,2.584,0.134,10.3,0.523,1.34,0.07,0.0249497955435013,0.00249497955435013,0,0,0,0,1.11771133323774,0.110033990515626,0.833869746646796,0.075425173933961,1.95158107988454,0.133403283062154,1.97653087542804,0.133426612243352
"LUM-2313","qz","coarse",10,0.04,0.01,0,50.5,7.1,147,27.7,150,200,25,10,1.838,0.098,7.82,0.399,1.21,0.064,0.0181974246336072,0.00181974246336072,0,0,0,0,0.98607800195132,0.101840190525469,0.687850894941634,0.0647797298006514,1.67392889689295,0.120697298227049,1.69212632152656,0.120711015495447
"LUM-2314","qz","coarse",10,0.04,0.01,0,50.5,7.1,147,35.3,150,200,30,10,2.706,0.144,9.29,0.477,1.49,0.077,0.0123273297949371,0.00123273297949371,0,0,0,0,1.19364614212071,0.117835699720019,0.835753949329359,0.0755812170179905,2.02940009145007,0.139992044396912,2.041727421245,0.139997471852265
"LUM-2315","qz","coarse",10,0.04,0.01,0,50.5,7.1,147,52.4,150,200,25,10,2.983,0.153,10.54,0.532,1.85,0.095,0.0061336406017069,0.00061336406017069,0,0,0,0,1.5005861842678,0.154435079600347,1.01369914396887,0.0951481210269057,2.51428532823667,0.181392829919256,2.52041896883838,0.181393866934873
"LUM-2316","qz","coarse",10,0.04,0.01,0,50.5,7.1,147,53.2,150,200,25,10,3.157,0.161,10.56,0.533,1.92,0.097,0.00596253823799173,0.000596253823799173,0,0,0,0,1.55688632321995,0.159919936700167,1.04319424124514,0.0978233065544707,2.60008056446508,0.187466758278462,2.60604310270308,0.187467706493833
